text,label
coba spill jokes cowok lucu dengar,1
fitur diilangin anjimmmmmm,1
spill isi direct message artis favorit cringe dipikirpikir ill go first,1
beliau paham paham,1
cekikik wkkwkwk coba gess tunjukun chat adik,1
tolong kecil gb instagram,1
selamat malam firda ruwet,0
brainrot indonesia brainrot italia,1
ih senang calon suami tuju veksetomi,1
kesal selang menit tidur masul akal call duakali banget,1
kesal cerita direpost ditag lagu asa kesana izinin pakai,1
drop meme tertawa hwhhehhehehe,1
rebu gas roti es krim jual,1
pikir pas coba garis,1
cowok suka teknik,1
turut wajar anak kelas bikin makalah kaget kesal lihat,1
hati hati pasang suami istri hubung mending normal normal takut talak xixi,1
kurir bi laik,1
spill chat lucu toksik egkpp,1
watashi proses diet but my ibuk everyday masak if watashi mangan masakan my ibuk become sad solusi yorobun suwun,1
roblox main roblox suka main map saran seru,1
eh numbuh daon bawang iseng naro toples seru anjir,0
gengs asa perempuan hamil wajah glowing istri cantik semenjak hamil,1
digiin orangtua,1
damn diam,1
layout sec acc instagram bionya highlightnyaa referensi xiexie,1
,1
mati,1
kumpul bayi vintage suka ngemilin cerelac by the way suka,1
karyawan direct message hapus,1
cewek strict parents umur kepala main teman tugas nongkrong jarang,1
main qrt yuk biar anggur,1
pacar bilang cinta,1
umur,1
sambung flo handphonenya biar tracking haid prepare heatpad obat byebye fever kadang demam ajak makan daging reduce the pain sakit haid,1
suka,1
screenshoot chat gemas pacar gemas,1
cowok bilang hubung tahun mantan batas kissng sx percaya butuh validasi tahun ciyuman tahan,1
perempuan uang kakak bokek cod anjir ratus,1
hidup bawa pusing bro bawa buset dewe,1
ajar bahasa bencong,1
teman nikah main plisss takut anggur main ngebaso suami tolonggg,1
fase notifikasi biar bosan tonton film cari sibuk bosan saran,1
pas nikah suami solot uang tengkar belikan iphone pro biar uang tracker app,1
tolong yakin spotify premium worth to buy still do not know the benefits of this iklan terima kasih,1
pamer chat pacar hihi baca lucu lucu,1
gebrak main bumble copypaste mana tulus hati,1
tonton film bioskop selesai film pas salim staf pintu,1
cewek tiktok alami,1
minum vitamin sengaruh minggu minum rambut rontok kurang buangettt begadang bangun subuh hidup alarm yeayy happy,1
batuk banjir ganti posisi banjir kentut banjir women,1
kadang suka sedih suka enak,1
gagal pindah on budget juta senang senang biar sedih investasi dana darurat etc pure have fun haram,1
in this ekonomi langgan app prem,1
beli smartwatch oren official aman harga lumayan,1
main qrt patah hati jatuh cinta yuk lesgaurrr,1
in this ekonomi spill resep es kopi susu andal,1
in this ekonomi beli pikir,1
sial,1
pribadi tenang mudah,1
bjir uang kalah malay kalah malay,1
lucu pacar pacar,1
puji pasang puji perempuan lakilaki puji,1
jujur pasang tua ceraibroken home,1
main qrt yuk biar anggur,1
nama jajan pasar kayak lemper luar kasih telur dalam ayam enakkkk habis nama,1
kred t motor gaji pas juta bulan by the way sandang pangan papan orangtua filano pertimbangin warna pas,1
sakit kepala,1
pamer hasil kamera handphone ip xr gopix plus minus budget handphone bolew,0
oke guic choi san hubung xixixi awch maloe gituch dispatch tolonk ciduk,1
bjir cerita nikah lamar bejir meanwhile umur dikenalin kenapasih dewasa meni,1
coretax registrasi akun wajib pajak foto email nomor handphonenya dijelasin sesuai coba nomor handphone email,1
gaiss terima anggur tahun senang kirim email jam jam interview terima sangka proses cepat doa moga kerja lancar,1
skupi susah nanjak review skupi beli nenek daerah gunung,1
sakit urus suami bare minimum tahun hidup ayah peran kadang pikir laku,1
sebut sepele marah first bangun ajak bicara,1
ngejual mana hadiah bos jual juta up,1
girls only spa tolong kasih do amp don thread starter lepas dalam,1
rasa,0
coba spill twit akun priv,0
panggil guna ip tolng yakinin bagi alam handphone worth tahun kamera drop hasil kamera for your information media sosial ambil,1
laku malas ibadah biar terus,1
untung tim sambal buat saos cap telapak kaki,1
ngekos bareng teman guyss jujur bingung,1
tahun hidup kisah asmara hilal woi romansa orangorang tonton main,1
cewek kotor ireng cuci sendal asa urat,1
guna ip hari ngecas handphone ip berapaa terimakasihh jawabb,1
clear data wangsaf diapus aga kaget pas kg,1
menang dengar lagu nadi rasa,1
tengkar htsan,1
ayo main qrt random mbti,1
ladies jujur cowok dekat maaf cenderung pendek,1
nikah humor beda ngeres pikir jir nikah suka shock dengar percakapanselera humor teman nikah umbar pikir ngeres jadi cerita,1
saran game main online offline seru terima kasih,1
teman ngereach outngechat ngechat ngechat dibutuhin lt,1
cewek angkat galon buang air pasang,1
takut wajar gasikujual baju preloved try on,1
nanyaa film pb gula sisa uncut kirakira periksa kartu tanda duduk tonton under no salty plss iya nontonn tunggu merah,1
thunan alih toilet jongkok capai jongkok edannnn toilet jongkok keren,1
avoidant dia,1
chat gpt nama,0
alas hidup tolong kasih alas biar hidup capai hidup serba salah ekpestasi,1
cewek tiktok bahak,1
pasifagresifnya bilang aku relatable factcaronquiz site,1
rekomendasi handphone juta worth it ngegame media sosial kamera bikin kulit putih tan skin,1
tata hati pandai tebak bot lihai iya gess ngenalinnya jidat tulis lekong suka lenong plss suhu bantu,1
kuliah collage pas sidang ditanyain guyss,1
curhat chatgpt seheartwarming cocok ngejalanin life after break up,1
lancar bahasa inggris biar lancar bicara baca paham terjemah ajar otodidak kadang suka ngangong ngangong ditekunin ajar fasih butuh waktu kasih tips,1
habis kasih emis buru comot uang tolong kasih petuah biar ikhlas tau pas cek dompet,1
menfess,1
biar rambut halus jatuh rambut kembang kering tolong rekomendasi produk affordable,1
april,1
spongebob truk sahabat bromance,1
teman kantor julid wih ganti handphone malu duit,1
ayah teknik barang sisa kerja blio suka bikin kantor bawa pulang,1
gusi ajak tunang pacar,1
kangen teman dulunya akrab akrab,1
chattan teman suka main drama,1
kemarin sore bicara jumbo termos malemnya bicara jumbo film maybe we got lost in translation bun,1
mentwit ramai coba spill twit ramai,1
coba cakeresumemar cv auto terima coba drop wak cakeresume fun,1
definisi omong doa marah akun,1
red flag usaha kurang hilang,1
permisiii titip terima kasih uuu,1
ngecekinkirim message sendthesong spill salah message nama xixi,1
habis ditanyain teman cewek bawa balut bawa gagal perempuan failed her,1
no salty tawar guru bimba ajar seninsabtu jam jam sore gaji juta worth tementemen alam ajar bimba sharing kasih insight makacii,1
cowok random merek handphone belikan case couple tawar,1
omong cowok umur percaya ketemu,1
tau folls instagram sec acc,1
saran akun masakmasak gurihgurih manismanis channel yt instagram tolong saran biar bikin bekal terima kasih,1
kirim chat karakter character ai,1
amin teh gas wfind infoprofesi,1
seram laki samar perempuan masjid mukena tutup muka masker untung security gerak cepat modus info,1
guysss tolong editin foto don film jumbo seru hehe,0
unpopular opinion astor alot banget,0
coba pap langit jepret,0
kasihan jumbo sedih bilang sugih masak iya juta tonton hasil sugih,1
habis tonton jumbo beda,1
send luculucu mari tertawa,1
handphone merek spill hasil foto kamera video handphone,1
realitionship guyss shockkk temu chatnya anak manja pacar anak tk kannn,1
,1
jaga sehat habis diagnosis pneumonia gara kamar lembab harum ruang semprot,1
kuota tsl gin murah,1
spill mie wajib beli alfa,1
packaging ribet makan buka sampah,0
sumpah benci,1
goldar anak ab goldar tua tolong yakinin,1
traktir makan sushi makan beliau takut harga mahal sumpit akhirnyan tangan wkwk alam makan sushi dua bareng,1
puasa kemarin ajar makan hari scam ideal manusia makan hari,1
tolong kasihan mega niat pulang kumpul keluarga istirahat eh rumah datang warganet privasi speechles komen,1
hukum salah kiblat semester,1
umur tahun rasa tabung gin gaji habis butuh by the way kerja bilang lumayan boros whistlist kebutuhantabungandana darurat,1
meni syukurin tahun meni ubah anak trimester,1
ada,1
guna android minat iphone basa basi salty,1
kenal cowok titip,1
serius handphone merek samsung bagus merek infinix,1
normalize mati api tiktok kesini beban biar api beban wkwk,0
kacang godok,1
maki kampung musik indonesia downgrade selera musik jelek twit overplay akad overplay ejek begitu nada halus berbisikbisik baikbaik,1
menang printilan korea pop ragu ambil oper pikir butuh sayang biaya adminongkirnya jarang menang collect,1
life after tinggal benerbener sedih nyopot kacamata sengaja tidur peduli pas sakit peduli makan manja kangen,1
indonesia gemar organ komunitas tembus member grup facebook,1
bayang ekspresi guru koreksi jawab cristiano ronaldo tiktok,1
iphone anjlok rupiah gb juta worth it samsung,1
menang jaga er eh menang jaga erwin,1
lgbt bentuk manusia jahat,1
pasien usia tahun perkosa tanggal maret lantai modus laku dalih analisa anestesi uji alergi obat bius korban bawa biadab banget,1
tonton film jumbo fomo,1
tipe ldr suami kerja suami beda pulau gaji suami gede digit,1
hehe guis an kontak kayak,1
lowong konohaa,1
mutualan ayo,1
negeri sibuk bermainmain indonesia sibuk cari uang cari lowong keren indonesia mah,1
spill keasbunanan temuin first,1
beli handphone mending samsung si si saran barangkali salah review thankyouu saran ultra budget pegang handphone gede,1
takut nikah takut miskin salah in this ekonomi,1
jawa cweknya jawa amp bilang kesal sedih kecewa bilang kayak go to hell dilahirin suku moga suami suku,1
cewek pesan cari penganggran butuh kerja lupa waspada hati kayak,1
tinggal,1
kuliah full tablet saran tablet harga jtan,1
rok sekolah nyaman makenya lumayan lutut nebak,1
level mie gaco makan pedas pedas,0
kereta semarang yoyakarta,1
kangen pacar,1
emas buyi tahun kemarin mending juwal pas tinggi keep butuh tunai,1
cowok penasaran,1
oalahhh fk universitas negeri padjadjaran problematic waktu bullying ppds bedah syaraf ppds anestesi perkosa pasien all sense now takut obat dokter lulus universitas negeri padjadjaran,1
info gusy nik registrasi nomor telepon tsel nomor isat nomor teri nomor total registrasi exxl nik nik penuh nik pakai,1
sebentar nikah calon kerudung menutupin dada resepsi baju akad model hijab bagus pakai waktu pas adat ngeluluhinnya no salty,1
salah wishlist dikabulin gaji sendirigaji tablet tabung bulan beli suka sindir bilang makan tablet sakit hati hasil tahan jajan,1
leceh seksual kronologi dokter kandung leceh seksual pasien periksa usg,1
awal hari mutualan,1
saran headphone suara awet,1
cewek jijik apoteker obat biar muncul jujur ganggu,1
ah ikut saran well asing asing,1
rencana ganti handphone handphone negara tirai bambu coba handphone korsel jadi,1
pod cigarettes segi harga enak oxva relx guna bagus,1
tabung digit,1
shade dungsz,1
pas baca menfess,1
hasil jepret oke,1
ganggu stecu stecu dengar full asyik buset lagu tagih,1
kabar pas instagram story instagram smash sunbaenim ngumumin konser bjierrr shick shack shockada order tiket blminfo pesan tiket tonton,1
cewek tarif impor trump beli apple,1
cewek indonesia puja oppa korea cewek muda ajar korea ambisius nikah cowok korea ledek nikah cowok korea isi chat grup cewek korea,1
teman ajak tonton pabrik gula tarik ajak nonton komang tarik pilih jumbo film pilih sesuai selera posisi tonton pilih,1
mutual i ayo rep taro linknyaa janlup ikut yaww,1
suami tb bb gaya mentok kaos kemeja skinny jeans ada rekomen gaya coba ganti celana pendek takut cocok bingung digimanain gaya biar,1
alas keluarga,0
umur kepala janani janani apa,1
areuweuh era anjir ih surup didik we tinggi eweuh adab sange gae goblok ulah ey amit amit jabang bayi,1
quick pol teman,1
guyss habis main pantai singgah salah warung bntuknya leseh didpan snder disuguhin jajan permen snder ambil permen biji hargany mhal biji menang permen,1
mnangis samsul launching desain harga juta,1
bagus manaa,1
bangun tupperware pergi kenang tupperware,1
selamat siang yuk,0
mobil keluarga stiker,1
dengar zodiac libra orang banyak susah pilih putus wdyt,1
kemarin beasiswa tiktok beasiswa gundk,1
notice me lini kerja freelance canva keburu refresh bantu infoin saran kerja freelance aman butuh bantu tua bayar utang doa in moga bantu lunasin,1
ajak nikah ketemu balas kenal salah trauma lakilaki sepenuh sembuh sembuh tutup,1
cewek only rok sekolah suka celana short tambah kadang gerah short rok sekolah rempel lebar lutut kadang,1
drama kasihan lukis ngebuatnya susah payah aku bocah cilik ajar tua bohong,1
si mutualan ayo,1
saran hehe tia,0
gigi lubang dokter gigi muda koas fkg cari pasien awat gigi sakit jakarta pusat sedia kunjung kala pungut biaya sayaratnya kontak,1
excited ulang tahun hoaks asli tiup lilin diucapin dunia ulang tahun by the way tahun,1
frens tabung bibit ambil reksadana pasar uang ajar knowledge ambil ambil papa saran kasih terima kasih,1
skincare tergacor,1
kruptor didik indonesia kurang jujur hukum negara ringan cristiano ronaldo tiktok,1
berita,1
suka cincin jari meni,1
cewek girls only bra ganti bh mandi debat teman ganti minggu normal minimal,0
genask pegawai negeri sipil kh program lawak ikut pleaseee kasih cerah,1
hes good looking mas jawa sop spoken parah jawa halus suka erti bahasa jawa suka diroasting jawa hilang jawane dengar beri saran suka anak kerja keras suka adu ayam,1
kiamat,1
kelola emosi kecewa sesal marah rasa berat suka refleks mukulin tangan tembok butuh hadap emosi help,1
omgg pasang tabung gas mudah,1
benul benul,1
besok nyerok tahi kucing,1
tolong tolong bantu putus asa cari jodoh usaha jaga cium,1
drop jepret pas mudik kemarin guysss,1
cewek avoidant repost tiktok cowok ini menurt,1
cowok tanda redflagmokondo pure,1
open ikut twit twit reply good luck,1
kelas ngantuukkk beuutt kesireepp untung keliataan dosen,1
cari pasien koas gigi mahasiswa koas dokter gigi cari pasien sekitar jakarta pusat depok keluh gambar awat gratis amp supervisi spesialis,1
rekomendasi smartwatch bentuk kotak persegi plsss harga under tia,1
teman mending beli vivo lite samsung samsung,1
cowok luluh kejar cewek terus pelan banyak risih cowok pov cowok cewek terima kasih,1
suka handphone fingerprint samping fingerprint layar,1
cewek ajak nikah cowok anggur tawar tangga terima mending cari cowok,1
ayo gess spill meja,0
saran sepatu skechers nyaman jalan cewek model,1
quora ayo kumpul,1
cewek tolong bantu pikir kenan semangat thankyou,1
nnya cewek cewek cowok motor mio malu,1
tolong bahasa gampang erti tonton contoh ytb teman hasil beda beda bingung,1
gez cowok rokok ratarata mulut bau bau rokok bau okok aktif,1
iphone si lucu mini mini warna rose gold warna kasih pap hasil jepret hehe,1
kemarin beli pentol abang lumayan antre bumbu kacang kayak pas sekolah dasar mas samping waktu ketawa lulus kemarin dek anak libur mas tahun mas,1
benernya air muka cerahcantik bunyi rahasia muka cerah air teman kantor nyaut sebener benernya cap kaki,1
hi yuk,1
ip imessage wkwk penasaran kirim chat imess teman kirim chat,1
gapapaa samsung entri level tengah guna iphone,1
nugroho,1
album mama ikut jaman gorden legend,1
guyss tolong erti hpan hpku realme handphone pakde beli beliau tukar handphone notabene pakai tahun bagus realme handphone pakde harus tukar,1
hidup sulit susah miskin anggur atur konyol hati amp pikir geram serasa kasar well,1
mutualan ayo,1
ballerina cappucina no no no kopi windows buat ndermas gemash,1
sukain om umur by the way umur jauh plus mapan well groom suka cowok wangiii minus tua,1
tante kemarin nnya pkerjaan ayah amp ayah ayah wapri tante lurus eh tante for your information kuliah jurus psikologi maaf keliru tante salah mnybutkn,1
ayo tidur,1
no salty makan salak biji buang,1
bu berantas judol stres negara,1
grup cenblu juta tayang folls cenblu huhu tolong,1
mutualan instagram yuukkk drop link,0
suka nontonin tidur,1
rekomendasi wired earphone telepon dengar musik earphone bawa handphone sumsang rusak belah beli shopee embel original palsu pakai telepon gambar man,1
,1
ajak nikah abu abu kerja sopir itu bulan panggil pinjam duit salah bicara,1
bahak emot,1
lumayan makan malam,0
budaya sogok darah daging terima jalur jujur ditanyaain sakit hati asa usaha amp lebih harga fuck sogok,1
jujur ganggu tetangga masak kayu bakar asepnya kemanamana pagi sesak nafas serbasalah bilang sayang duit beli lpg saran,1
hadeeeehhh gilir suami koarkoar sakit by the way vt mix marriage mbak bagi bahagia komennya ngotak,1
worth it beli handphone samsung beli handphone handphone utama max juta samsung jangka pjgkamera fitur bagus minus bezel tebal speaker mono cepat panas beli yay nay,1
pas kesan pesan diboncengin angin semriwing muka kepala dagu,1
android merek favorit ganti handphone handphone beli merek nyaman amp cocok merek belah keluar spesifikasi dewa lari situ paling sony xperia,1
gilir bahagia gilir doa usaha life feels sok unfair to me,1
tahun prtma coba nglamar kerja coba ajar kerjain tes psikopat sumber mudah paham psikotes bangsa tia,1
ganti seprei sminggu seprei,0
please hitung fotovideo anakanak kpl ulah zio bantu bagi info gz akun muhammadsmiry qudsnen timesofgaza gazanotice bolkot,1
tsayat percaya bawa barang vintage antik,1
saran tolong,1
mana iphone,1
info lowong part time host live jam kerja fleksibel butuh pasu kerja suruh ngelive alam by the way domisili malang tenciuuu,1
riil iem kere hore kz edx tahun headset toples konter kampus ribu minggu mati belah suara bumi langit jir tim iem tws,1
selamat pagi warga ayo spill,0
coba tunjuk hasil create,1
apresiasi prduk animation advertisingnya ai pilih illustrator asli keren,1
pelihara ayam raline sah miaranya rusa old uang memank beda,1
kacamata dihilangin lecet kacamata itungannya ganti mahal silindris minus,1
cewek daddy issues kesal diwajarin salty,1
wdyt cewek sabar dijanjiin jalan urus bikin tunggu jam badmood batal alas capai dandan tunggu,1
kasih sampo bauk aneh keramas kliyengan kering bau,1
indonesia cerah juta tonton bioskop bilang tonjok,1
aaa gemashh animasi jumbo tembus juta tonton film sepenuh hati buru hasil tunggu karya anak bangsa,1
adik tengkar dua maaf anggap tengkar,1
dirty talks pacar dirty talks pacar even ngejokes tertawa bareng sumpah aneh pas kadang teman kantor pacar,1
keluar ijazah asli selesai urus ribet cristiano ronaldo gambar tempo,1
cerai umur psikolog,1
titip tolong bantu hilang bantu daerah depok cere limo beliau hubung nomor foto terimakasihh,1
sidang skripsi keri bagi tips sidang chanel yt bahas putar sidang doa lancar,1
aneh curhat gpt menang someone to talk gpt jawab tenang,1
sirewel bom tenda wartawan kompleks medis nasser ghz tewas jurnalis remaja luka jurnalis bicot bagi berita jurnalis jurnalis taruh nyawa,1
adik ponakan umur tahun main game online iya main game info tugas huhu terima kasih undang undang,1
simpan duit digit sabank aman,1
handphone spill hasil kamera ganti handphone worth it,1
teman teman muslim percaya karma karma nurun keluarga ayah anakanak turun terima kasih sharing hihi,1
cewek permerkaosan sakit usut yuk yuk korban speak up,0
guyskan rupiah rebu diusd tabung investasi tabung emas wawas benerbener bingung diskusi orangtua paham,1
ebook manajemen sumber daya manusia kasih akses ebook mana terima kasih,1
malam yuk lupa efbe,1
sepatu merek rub model bagus awet,1
usni teman,1
sandi handphone mu,1
izin chat jadi bukti cerai adil,1
info kerja wfh freelance pokok cocok mahasiswa tolong kasih tipu undang,1
alas resign pas bilang human resources departement terima ditahantahan,1
mutualan twitter yuk reply gas lupa difb,1
marugme udon solar,1
cewek penjerong tikus das syukur iya,1
cewek isi chatcara chat pacar temensobat cowok mean pacar mesra isi chatnya coba beda,1
umur tahun gigi geraham karen pergi wajib pasang gigi palsu trimksh,0
dideketin cowok pilih kenal,1
jarang temu lowong utama rantau utama warga lokal kirakira utama rantau karen posisi kasir bidang treatment facial by the way,1
tipu beli lip produk offc store tktk kurir bilang telpon bingungin kmbaliin uangngasih tip qris kebanyakannominalnya aneh pencet,1
rill sayang,1
ohm adik ohim,1
jawa batak nikah jawa sunda serius,1
openfollback syarat follow tiktok good luck,1
umur pasang behel telat,0
dekat bicara saran topik biar alir,1
waktu lebaran kemarin hilang kabar ajak silaturahmi hehe sakit tolong moga bawa mantan jalan tahun,1
alas handphone copet akses apa ngabarin capai,1
clueless,1
serius salty makasiii,1
game wkwk bahak balas warga den,1
coy cewek dideketin duda anak bujang an mapan pilot qtime anak jalan negeri duda saing kenang mantan istri,1
hidup meni gedebag gedebug hehe kadang gedebag gedebugnya nama hidup mulus,1
omong hubung anak anak bilang tolak kasar takut tengkar malas tambah,1
beru pdktan cowok upah minimum regional anak kadang suka chat duit tunjang raya imut indikasi modal kontol doang by the way online,1
please yakinin smt skripsi on progress sempro apa lebaran muak bilang semester tinggal tunggu wisuda,1
main selesai game seru banget main habis uninstall wkwk saran game gaaa tagih tiny room puyeng,1
gas balas konfrimasi pinjam diam takut spam chat bilang konfirmasi pinjam batal,1
ngrasa sayang tuntut buka hijab pas dialebih kcamata adeknya sembuh kcamata bilang softlen otot biar buka sifat ba benar,1
temu cowok pintar cantik didik anggur layoff mandiri usaha keras jodoh by the way cewek umur pacar,1
saran tipe motor murah riah boros body gede pokok pakai mana kerjakuliahjalan jalan kasih minus wupyuu,1
bentuk manusia nikah,1
panggil sayang,1
titip bantu kirim tia,1
zombie apocalypse as muslimah wajib hijab pas kabur pohon sobek parah lepas hukum ngejarah toko nemunya kaos pendek,1
instagram mas crush postingan bareng mantan tinggal tahun mundur,1
guyss infp tukang halu nada dering,1
mandi kacamata,1
cari perhati biar notifikasi reply your cerita,1
luapin asa kecewa even pacar tahun finally tinggal untung move on semenjak kasih closure bantu apresiasi,1
rejeki asa mimpi sumpah,1
mari main qrt bebas,1
nenek jual nasi jagung an lumayan alhamdulillah ayo sp beliii,1
dengar spotipay capai ih geli pergi hedset,1
gusy tahap minus,0
oh tuhan surat terang catat polisi badan selenggara jamin sosial,1
tahun terima kasih,1
indeks prestasi kumulatif teman pengaruh depan,1
info hotel inap murah riah bandung sendiri jauhjauh kota,1
life is that hard semangat lupa bahagia makan,1
spiil parfum wangi tahan hari,1
ketik jahat sering angga ngepost telur literally telur ceplok,1
saran enak beli sprei warna,0
we dimasakin bisa makan mi instan,1
banjir sampah banjir strawberry,1
cowok rambut basah nyium faktor umur injak tahun,0
ngojol doa order,0
wajah sudut pandang cantik cermin,1
coba teman teman,0
hadap makan mie ayam,0
tips pindah on hts tahun,1
salah cinta kasih kasih siapa,1
fakta asdffhkfl kakek buyut istri sem bi lan anjir,1
malam tidur rajut keriting jari,0
mei sok far,1
adaada laku rakyat negara tetangga,1
pilih,1
haloo tanyaa laptop charger hidup kang servis komputer baterai baterai baru coba beli toko help tipe baterai,1
marah dapat dengar,1
hahhh gila parjo lo contoh undang undang tentara nasional indonesia sah gila hormat gambar depan,1
orde sakit kocak maaf pertanggungjawaban demonstran luka akibat serang fisik polisi,1
kampus bebas halhal program militer kampus buka jalur militer ganggu hak warga negara militer mudah kampus modal izin rektorat,1
takut buku lukis lagu kritik rakyat,1
kawal menang kawal menang kawal menang kawal menang,1
minta maaf gila militer suka main korban mental tempe berani debat data represi kocak,1
rektorat mana takut gara panggil rektor inimah parah orde gila takut rasa mana perintah kalah mahasiswa rakyat,1
sosialisasi erti klarif maaf dengar rakyat bicara oi hubung biar guna bos ndasmu,1
tolong jadi salah komando distrik militer kalsel salah komando distrik militer daerah pelaihari modus takjil polisi republik indonesia ajan masyarakat spanduk tulis aksi simpatik dukung rancang undang undang tentara nasional indonesia pas spanduk foto bingung masyarakat,1
serius mahasiswa demo suruh maaf orde tenang damai tenang takut suara hilang stay aman rekan rekan jaga umur juang,1
bikin terima rancang undang undang tentara nasional indonesia alas tolak benci rancang undang undang tentara nasional indonesia bravo,1
gila bisa suara resah eh suruh klarifikasi maaf dihhh,1
theres good reason biaya didik bengkak mahal biaya kuliah alhasil kurang kritisi perintah,1
indonesia gelap kawal menang,1
maaf guyssss ngapainnn salah indonesia gelap kawal menang,1
desain bannernya kaleng khongguan,1
isilop berani gigi ranah didik berani bungkam orangorang opini acara minta maaf mahasiswa dafaq hak dapat,1
salah anak politik gera badan eksekutif mahasiswa unsoed ignya duga dihack dmnya otakatik,1
maaf ancam suap,1
gila minta maaf tuhan indonesia gelap,1
rektor suara sandera perintah,1
dunia gila indonesia gelap kawal menang umur juang,1
malu anjir,1
sembah najis,0
mentang ranah sipil asa perspektif notice rakyat haus hormat tindak sesuai pikir dangkal,1
ah tolol kemarin bilang tentara nasional indonesia sipil ranah militer tolol,1
gwss banget,1
gila hormat klarifikasi biar nama bersih salah maaf minimal sadar laku salah monyet kesal,1
gila,1
apa sistem cek kkn transparan akuntabel,1
poor kampus rezim,1
nanyaa ruutni sah tonton channel youtubnya mahfudz md bicara sah ubah point ubah timbang aspirasi rakyat,1
selesai rancang undang undang gila hormat wkwko minta maaf cium anti kritik wok,1
sakit jiwa indonesia gelap rakyat lawan kawal menang,1
arogan plus malu,1
aduh brok,1
ha gila anjir,1
cih indonesia gelap kawal menang,1
ih najisss kawal menang,1
,1
maksaaa anjing,1
gila gendeng cak,1
dihhh instansi didik,1
paham only have myself tuhan sepi,1
beresberes lemari pakai seragam sekolah oh my god kangen masamasa sekolah cepetcepet lulus,1
info freelance wfh trusted uang jajan terima kasih,1
burnout kayak hilang arah kayak hidup berat hilang dunia syukur pikir kacau,1
leceh guru kelas tolak bingung,1
dibiasin callvc tidur callan susah tidur,1
kapas hujan lumayan taro lemari plastik hujan nembus lemari plastik by the way bocor kamar banjir kirakira kapas buang enak gimanain,1
recruiter taksir kandidat ada kasih tips dekat berondong helpp,1
bagus ajar tidur antuk,1
teman temenmu lamar nikah ceept susul santai,1
gwehj cabang hts an gwehj aw sakit hati ah brengsekgg,1
astaga nge crushin cewek jelek jir cantik biar kejar,1
loveeeee cowok tengil cewek terima kasih hibur,1
bjiirrr orangorang pacar mentokmentok jadi htsan lari,1
tinggi badan asa kuliah tumbuh sekolah dasar anjing,1
wajar sakit hati omong pcrku bilang hidup amp cerita cerita childhood trauma kait responnya judge adu nasib,1
isi kepala anak ekstrover,1
asa tua anakanak,1
salah besar simpan lagu,1
pov first date live lapor bestiee,1
selfharm capai akhirakhir serah amp selfharm hehe spil alas tahan hidup terima kasih bantu,1
april jir gilir maret kemarin detik,1
pindah on milik habis confess tolak,1
pikir rentgf sepi beberapa waktu ngehts sakit,1
laku rancang undang undang tuai kontra sosialisasi konsultasi transparansi paksa terima dalih sosialisasi,1
astagfirullah mahsswa maaf juang rakyat parcok loreng gila hormat paleng muka semprot hidrannya damkar,1
parah anjayy,1
kampus,1
rrg gila,1
segitunyaaa,0
beuki garelo parjo,1
satu tekan lemah,1
ra kuliah sok sok an sosialisasi sing kuliah ra,1
bukti takut,1
maaf habis gebuk mahasiswa mau harga harga,1
goblok,1
minta maaf aksi itutu bebas dapat bisanyaaa,1
gilakkk,1
momen,1
malu jenderal sudirman,0
kacauu,1
berani berani wilayah kampus,1
haahhhh rektor wr ngijinin,1
dosa rakyat indoooo,1
unsoed maaf keparat maaf brutal,1
mahasiswa,1
allahu,1
gemblung,1
ceilahh batuuu batuuu,1
bajing,1
salah adab sopan gaji hehe,1
gaji pinjam uang,1
salah ingat mak never woman how old they are gaji pria bicara anak pasang anak,1
kirim tipw sepupu musuh kasih hebat sepupu iri dengki,1
lepas niat gaji ip indeks prestasi kumulatif semester kuliah berat badan angka kuantitatif ranah pribadi sopan gaji negosiasi usaha,1
ekspresi pas baca postingan bangga hebat pas baca reply kaget respon pikir bangga capai saudara privasi nama saudara google,1
moga bantu,1
pikir bangga sepupunyaa trss gaji yhh iseng mmbaca reply pikir beda,1
bangga astaga kasar warga seram,1
tante vice presiden komisaris televisi diam posisi jabat bagus hak pamer,1
bros malu gaji manajer rajawali citra televisi indonesia jtan gede kantor ratarata manajer didapetin percaya by the way manajer usaha kapal,1
salty biar bangga saudara manajer stasiun televisi by the way lowong syukur jalur,1
percaya stasiun televisi enak underpaid ytta,1
posting nama sensor sepupu kenan orangorang daftar kenan nama publikasi tuju paham harga privasi,1
gaji manajer stasiun televisi sebut sepupu rajawali citra televisi indonesia kirim ssan nama,1
sepupu nama dipost izin marah biarpun jelas nama nama lengkap jabat sebar bodoh is as bodoh does,1
derrrr mending mengepoi rezeki mending usaha biar juang enak susah senderrnya sngja pamer,1
salty kirim heboh cari usaha kenal gaji upah minimum regional sepupu syukur advice beliau,1
bangga kayak hebat,1
oi bawa asa cok sok kritis komen doxing saudara idiot sebut nama saudara web publik plus muji saudara which is bangga gaji gasopan,1
habis rujak pikir kirim menfess wkwk aneh,1
get mean sebar publik if are genuinely curious coba sepupu ajang silaturahmi sharing alam erat hubung keluarga,1
gaji etis publik etlis kerja saudara saudara jaga privasi sengaja umbar,1
bilang managernya hormat gaji karyawan hari bayar februari bayar lumayan juta manajer gaji gede talangin gaji karyawan hari,1
gaji,1
idiot reply sok bijak saudara saudara sopan gaji motivasi keras iri halhal,1
gaji sopan saudara,1
nama internet privasi nominal gaji privasi ulang nada sopan,1
gaji utang,1
menfess iya bangga keluarga khalayak umum promosi manajer mending kasih selamat,1
salut bangga capai positif kurang gaji saudara bangga apa sopan,1
tunjang raya ribu sepupu gaji,1
info lowong,1
twit mu hapus cokkkkkk,1
wow,1
cih sopan gaji,1
spill gaji,1
sepupu iri maniezzz,1
gajih arah gampang tebak,1
gaji manajer haha kontol sampah,1
guysss bingung besok nonton jumbo adik anjayy ambil jam fast question terima kasih,1
toko goblok jirrr sop barang dihidden,1
kirim handphone asuransi asuransi klaim jasa kirim asuransi jne,1
datengin kantor shopeee gaaa,1
aju kembali dana,1
aju kembali,1
video unbox kembali,1
beli ip hellostore official alhamdulillah tangan deskripsi produk tutup spidol,1
barusan beli tiktok shop samsung harga juta alhamdulillah dikirimm iphone curi kurir kurir jne jelek anjng emanggg,1
suami beli laptop titip teman jawa jakarta kosong paket kirim petitulisan jenis merek laptop sesuai pas peti kosong untung video unboxing bukti beli refund sesuai harga beli,1
maaf cari korban shopee gadget perihal gadget aman beli gadget marketplace anw datang kurir akses cctv,1
just ingfo next time beli produk apple mending beli website iboxdigimap pilih selfpickup ambil store barcode beli kartu tanda duduk cantum digimap minus tentu,0
jne usaha oke kolom komentar instagram batas indikasi kritik buka kirim,1
saran ketik kira tahu habis tulis yawla yawla moga cepat selesai,1
im sok maaf this happened to garansi kirim co garansi kirim kolom ceklis liput rusa hilang kirim kemarin pasang sekitar rban ip plus,1
beli barang juta berani beli online shop mending beli toko offlinenya takut,1
ngeri alas toko oren anw gondol kurir belanja hijau belanja waktu beli macbook pro aman tangan,1
bre saran beli iphone blibli blibli tokped shopee authorized store apple marketplace blibli shopee tokped mitra blibli garansi blublinya blibli aman,1
kaget baca beli produk nama produk tutup was takut dus buka amp dituker sopir untung sopir amanah amp siap bukti handphonenya tangan,1
beli softlens toko oren langgan kuliah bintang ongkos kirim hemat spx senang pas kotak peyok lakban lepas isi plastik sampah spx problematic minus etika,1
beli ibox aman spx packing resi tera handphone kurir dus buang foto,1
ikut emosi hellostore haha nyantumin nama isi paket beli belt seller oren blur iphone coo aju kembali lupa video unboxing war seller amp rekan oren muak uang,1
jne sampah kirim handphone shopee usahain spx express jnt,1
id becus roti bluder cokro dikardusin gaban embat isi haha,1
bantu woi,1
diindo jadi sempat mental maling tolong prihatin,1
beli gadget oren dua nama paket resi nama store iphone case beli oren kaget resi nama produk kontak kurir moga shopee cepat refund,1
barang kirim alamat salah maki maki ejek kalimat santun proses cari kontak rekan kurir rekan shoopee,1
jne baik maling barangbarangku kirim cargo,1
kocak cetak resi beli ip suruh cantumin nama produk cantumin pampang kocakkkkk toko kocak,1
jene entaraja anyeep ekspedisi hilang komplain suka tanggap beli up juta mending beli,1
dengar store erafone ibox official moga duit,1
sempga ganti amin semangat,1
jne jelek anjirt sumph better alih si cepat keilangan printer anjirt untung datengin jne pagi sore tunggu gudang barang anjirt,1
jahat anjir,1
ragu tinjau ganti rugi tracking kirim,0
saran der united state of america percaya jnetot sumpah korban waktu jir,1
odd video unboxing kembali cair kembali packaging charger salah case jne tahu seller elektronik kirim suruh bongkar tugas kasih riil handphone,1
ampun moga cepat selesai handphone tangan duit alam beli iphone online ibox aman alhamdulillah kita wajib ambil abang pas reguler,1
bantu lapor balesan,1
berat paket curiga babibu unboxing batal ekspedisi alas barang sesuai uang toko nggada sempat pilih tuju engganya beda sistem shopee,1
beli live manteman jamin aman murah bantu,1
urus elektronika belanja online tokped,1
beli handphone in aman blibli opsi sameday jam shopee suka deskripsi produk resi,1
kurir nakal tetangga kurir jne waktu kabar tilap iphone tahu keluar jne bui tahun,1
tim tokped langgan gosend alhamdulillah aman,1
ndergua habis pesan gadget kmrnnnn aaa takut,1
instan beli barang elektronik mahal salah toko hidden barang hufttt moga shopee cek cctv gudang,1
ekspedisi hilang handphone iphone xr tahun pas kirim tokoijo ekspedisi checkout barang ekspedisi cancel lanjur sakit hati,1
beli gadget shopee alhamdulillah amannn takut beli beli,1
ih takutt beli infinix official storenya jadi,1
laku kembali dana alas barang hubung rekan shopee dbuatkan lapor kait terima barang sesuai klik pesan selesai,1
mana beli iphone trusted shopee,1
shope bayar asuransi seller buyer asuransi risiko seller santai uang,1
maaf kirim assuransi packing kayu telusur kirim coba kirim request jne assuransi packing kayu proses klaim,1
beli iphone desember shopee ingat nama produk,1
harga harap iphone kemarin,1
packinhnya direpack beli dishoppenya,1
jne packingnya kasih kayu kahh,1
yawlaaa,0
ancrit jasa kirim jual iseng moga cepat ketemu solusi untung,1
postingan detail cari sensasi cok,1
barang video shopee kembali,1
jne jne,1
beli iphone via shopee jne untung dosa paket maling isi,1
indonesia store ofc resmi kemarin twit bayar ribu resmi resmi ibox lupa adik beli resmi ibox by shopee alhamdulillah selamet,1
berani beli handphone online tim toko biar haha,1
paket mahal berat jne beli gantung kunci jne cepat,1
minimal sabun kekcm biji,1
berani beli barang mahal olshop wkwk,1
usaha beli cod barangny mahal jadi beli harga murah moga selesai urus by the way jual handphone ip pro tb beacukai resmi barang minat,1
,1
cctv usahain standby video kurir pemyerahan unboxing wassalam unboxing bekas repacking tuduh,0
beli online,1
beli handphone online salah aman mending kurir toko,1
moga masalahny cepat selese moga iphone uangny maret krmn co iphone spx sellerny ket barng hide kurirny ngechat kos pas blio handphone soalny blio paketny diletakin tsayat hilang,1
takut banget prefer co barang elektronik online mending instan tunggu barang,1
jnenya salah,1
haha kemarin mentwit me grok hellostore asli,1
id gmnae kurir kocak,1
beli gadget shop hilang tulis gadgetnya pos pos,1
takut beli handphone online,1
kemarin harga ribu,1
fiksss ambil kurir,1
duit,1
teman waktu bawa kabur anjir kurirny ip habis cht rekan sppi ketemu drama mnggu by the way tmnku sopiexpres,1
wkwk jne jugaaaa najis jne miskin,1
beli handphone shopee chat jual tutup nama barang was handphonenya,1
deskripsi barang dihide,0
sabun lifeboi harga juta bjir sesak duit moga ketemu mending beli store instan percaya,1
seller ngubah nama produk kardus packing jail dalem moga cepat atas menang menang solutionnya,1
kurir jne by like gwanchana teng deng deng deng deng teng deng deng deng deng,1
beli iphone toped terang gunting kurir nakal jual berani tulis barang kardus,1
beli gadget mending pilih opsi bayar cod logically biar cek barang kasih uang nominal r latif gede enggak aman,1
beli harganye ape,1
alam beli gadget online spx aman,1
pure salah kurir beli shopee alhamdulillah kurir amanah,1
yawla anjing,0
ampun jne tt shol masalah ip,1
lanjut,1
hellostore reviewnya jelek beli,1
beli stroe ibox shopeeny waktu beli ip aman iboxnya pilih kirim jne sameday biar cepat,1
sop barang hide bodoh ah helostor,1
next packing kayu otak atik alas seller jne,1
beli handphone online jadi beli handphone storenya biar aman,1
bicara erti ekonomi keluarga jalan bayar bodoh,1
cowok umur tahun nikah nasehatinnya bingung,1
mobil mewek,1
takut anjir,1
mangga qcoba dapetnya www wfind infobuah,1
cowok wdyt cewek kentut pelan tutt brotttt ilfeel cewek kentut gede takut cowok dia ilfeel sran suara kntut pelan,1
tahun hidup serba until he came,1
putus hampa bilang transfer gin besok kembali saldo gin pinjam,1
duitin indonesia,1
sadar sengeselinnya dontol animasi real life kesal ngelebihin dontol bontol,1
mending beli selempang aemhas mending,1
cewek film horor era horor indonesia bagus ngandelin pikir alur cerita bagus tonton susah tidur,1
lgbt tolong salty,1
lupa umur,1
cinta syukur logika nge set boundaries hati hati,1
tangga muda tangga urus muda umur gtan anyway tangga pulangmudik apa cek tas bawa pulang rawan nama keselipdicuri,1
screenshoot,1
miskin gaya pinjam apa jir kembali dasar keluarga mentalitas curi wkwk,1
susah bukti bayar gaji bayar cash rekening catat catat buku bangsat berjagajaga,1
moga cepat selsai urus tahun amamaku bukti ambil mama gran uang dolar euro ambil sisa rekening juta hehe jtan lelah ngejernya,1
anjir berengsek stylish barang majikan,1
sensor wajah dijahatin takut kasih wajah bukti curi,1
persis celana ambil,0
bikin utas tuju cari adil lapor polisi biar tipu bantu miskin nderr bantu pakenya balut,1
alas investasi produk elektronik mesin cuci dryer robot pel vacuum robot bersih jendela dishwasher alat bersih kamar mandi susah cari bantu pas,1
cari tangga meminimalisir liatntampangnya koo tua muda tmnku muda berani ky bos kadang suka tuduh by the way uang better psang cctv biar bukti laku kece tangga mudik bawa brang,1
tanggung alami persis nanny malingin barang full cctv stok barang baju kamar nanny henti sembari cari nanny kumpul bukti kuat hftt bangsat,1
sebal benci barang pribadi pakai sembarang izin curi pas anya mama anak cewek tua taun kerja ngutil pernak pernik sewod,1
gaya susah hidup,1
tangga muda gaya timbang,1
undang undang pharus sah belah kuat hukum kerja resmi aku negara gaji main,1
pasang cctv cctv jadi susah dibuktiin bukti rekam pas pergi kamar kunci beres kamar tunggu pas,1
maling sensor,1
inti tanggung utang kemarin seliwer drama atp berani ngebalesin mantan majikan aduh ngeri mepekerjakan moga cepat selesai,1
alas amending habis pulang sore bantu emak cuci piring beres bantu emak masak malam akadang azam maaf rendah kerja atp sadar,1
cooo ky bantu lumayan tua bantu suka ambil baju anak anak alas mbak nama baju ambil sat,1
viralkan tiktok mbak,0
muda tua tangga mental maling hatihati pilih tangga untung bantu mama aman lampung jawa aman rekrut tangga suruh serah foto kopi kartu tanda duduk,1
muda artnya begaya better urusab tangga keluarga keluarga adik mama tangga lumayan na ambil anak tangga soalny meminimalisir jadi,1
feel barang pakai artku tahu muncul media sosial better cari tangga muda,1
ayg kabur kasbon kabur anak suka pinjol amp kabur an spill tiktok anak biar hati hati cari,1
coba proses lapor wajib tahun akak seluk beluk kampung kasih ampun,1
ajar curhat tangga muda suka gondol barang cari tangga coba cari pikir matang,1
tangga muda rawan haus validasi gede gengsi bukti barang curi flexing flexing anggap mewah,1
pikir foto pas screenshoot tiktoknya kaget muda sehedon bantu,1
tangga salur,1
aduh baju ngambilin sprei kasur model dorong lo dobel sprei bantal guling kasur bocah cilik ngambilnya stel motif gila spreipun bawa,1
sumpah apa akayak jadi persis kayak tante sewa tangga baju diambilin aku uang sepupu ambil anjir total uang rupiah sepupu juta dolar dolar ambil lbr,1
temu maling,1
bantu ambil sprei nikah cari sprei nikah,1
ambil baju baju,0
persis cerita versi saudara sepupu wkwk duit dompet dimalingin,1
kaget abegini muda tahun foto kamar baju tas sepatu punya wkwk,1
muak tangga tengkar lagak naudzubillah hem kayak pertahanin ayah tangga bangga anak buset anak cewek kota lagak hem lupa anak tangga,1
miskin banyaj tingkah,1
cari tangga umur muda mana alah,1
alangkah baik sistem gaji cash min terima gaji catat tanda terima gaji,1
persissss alami kayak kuliah bandung suka foto kamar nyala ac tidur tidur ngonten baju sexy kamar suka pamer harta akan wowkwok sakjiww,1
astaga parah laku pembantunyaa,1
muka publikasi,1
tangga waktu sekolah dasar kampung bilang pas pulkam tas gede pas kamar pintu isi baju bawa baju hilang,1
drama korea lupa tonton guru les barang mahal anak les in,1
adi umur,1
ngijinin bantu beres beres kamar pribadi beres kecuali capai beres beres teman,1
susah eh attitude,1
percaya anginep pas urus atp bawa kalung anting emas mas kawin cincin nikah orangtua wkwk ikhlas bingung keluarha,1
diperpanjangkanpendekan simple,1
aduh pas sekolah dasar tangga ambil ipod tinggal pas pergi bilang geledah kamar tas ketemu alesannya gara ambil uang kamar kamar wkwk,1
anjing malu jatuh mental emis pelihara,1
persis beda tangga kabur pas libur natal kemarin buset setial gaji kasih bonus mama,1
fed up tangga bocah cilik genit suami astaga tangga pulang jam pulang jam capai pikir makan wifi baju jajan sabun balut hihh,1
baju mahal pakai an,1
anjir bantu cakap,1
maaf moga cepat tangkap maling apa mental maling dukung maling kiat basmi mental maling indonesia canda take note insyaallah ulang,1
mending cari bantu bilang suruh suruh tua selagi sopan bantu monyet muka lempar kaos kaki,1
modis anya,1
ana aku badan usaha milik negara teman base open jastip tiket konser tabung paham duit bawa kabur pas diselidikin adan nama asli ana,1
tiktok nama jenn angelina kasus barang maling bantu waktu kerja tahun jenn cincin tunang maling untung beda kasus,1
tetangga threads tolong jambakin rambut botak,0
walah depi depi,1
baju mahal mahal gantung,1
problem muka blur muka laku blur kasih emot gaban,1
takut ambil foto tangga,1
artnya muda,1
perintah rakyat isi maling,1
salah fokus flatshoesnya beli mana,1
jirrr kancut embat sensitif ambil,1
mending cek harga baju lebaran merek beli baju,1
rekrut aharus kasih syarat kampungkeluar isi tas lihat sedia terima,1
biar nyonya alias lont gelagat,1
tangga muda baju haram colok memek video call sex cwonya ajar untung dpecat,1
artnya banten wkwk salah fokus keti,1
sabar rasa barang ambil tangga laptop play station televisi duit hias orangtua,1
oenyakit,1
yaelah miskin buka sok,1
au dunia iya laku au au,1
drop nomor handphone nama,0
polisiin laaah biar mampus,1
gaya elite ekonomi sulit bela curi barang,1
tangga drama ribet bawa asing gaji standar tetangga tuduh rusak pasar dibaikin ting kualitas kerja turun boros sabun cuci bersih buka hampers lebaran,1
tangga cuci gosok pulang muda an pas kuliah curi baju baju dobelin baju dobel pas pulang tau baju dobel bawa pas pulang,1
tabiat tangga banyak celana bh maling,1
keluar ajuga bulan ambil baju keluarga pakai ngonten curiga bau badan by the way spill identitas direct message cari tangga moga temu,1
heran banget wkwk,1
hadamart now banyak anjing pamit pulang bawa koper segaban after hilang pas cek kamar underwr,1
anjir cerita persis tangga gueee plsss baju tante tiktok an kamar gue anjir,1
tangga wkwk,1
tiktoker cici kumon omong sunda alami ky barang curi dibw bantu kmpg cangcutnya si cici curi amplop tunjang raya emakny curi bantu muda mending jasa tangga tua,1
cari tangga susah umur minus suka kasbon muda rawan kadang kerja suka suka susah cari pas,1
bangeeeetttt pas kuliah tante single mom tangga henti tangga muda lulus kerja bulan pas pulang kampung baju hilang tuduh yaaaacuma,1
ettt kampung mental miskin hadehhhhhh,1
lapor polisi nama curi,1
spill nama guna tiktoknya tolong,0
susah udha mental maling wkwk gilasih tangga muda anjng,1
tahun adi kampung sungguh,1
tangga model lonte percaya,1
buset bayang kenal pinjeman ilegal cakap lo orang,1
tangga muda by the way tangga muda curi ganti tangga tua alhamdulillah aman,1
gara gara pacar gengsi gede curi barang barang majikan biar pacar,1
gaya anjj,1
singapura keren teman teman,1
dontol udutt tulungun duttt,1
tim suka tarik tunai teman tarik tunai teman,1
cewek tiktok batik kacawww admin host ganteng gila,1
pulau javva februari posisi gusy,1
lagu wedding song gambar from pinterest,1
pikir anggar hasil proyek bagus bohong,1
bahak banget anjirrrrr plot twist haha,1
drop luculucu,1
dokter gigi kampus oi ramai kasuskasus dokter universitas negeri padjadjaran ramai,1
jodoh spil tuhan nama rumah ngeuh iya kahh by the way bilang temenkuu,1
fenomena matahari april foto,0
dontol karakter benci tika babi beban bjil,1
oi dunia crushin ajak nikah tahun pacar amp jalan tau perasaannyaaaaa,1
chalk zone,1
can tell me bahasa bayi side effectnya indonesia penuh lembut,1
alas pikir pasang,1
lagu nabila taqiyyah jalan tanpa cipta cewekcewek mbak paula mbak dil ayo pindah on cowokcowok,1
gas meme gambar luculucu marahmarah,1
negara umum hak milik,1
bilang after cium for the first time bikin gila bayang bayang,1
gila ibu speak up perbvdakan sirkus tm safri bgr blio bilang disiks distrum blio sangka,1
cewek suicid sahabat nikah mempelai pria wanita sahabat senang mati sahabat mending mati habis nikah,1
maaf capai cukur jembitaa paruh rencana gundulin capai potong gunting by the way cewek first gundulin potong tipis,1
in my bag tara basro isi sungguh nurul wkwk commentsnya lucu lucu,1
if he wanted to he would ldr solomalang pacar besok sabtu samper solo bilang,1
ciwiciwi second akun instagram ikut cowok,1
tadu malam tukar stiker teman ambil beda genre stikernyaaa,1
asupan nutrisi genetik,1
rekomendasi laptop budget juta tahan banting ngelag layar cakap pakai office gmeet tonton anak it design tia,1
tim oren tim hijau,1
huaa seriesnya seru castingnya,1
sarjani marbut mesjid roudutus sabab sakit tinggal rubuh tementemen bantu ramein biar case lirik perintah sarjani tinggal ibu bocor,1
presiden amerika zionis donald trump ngebekuin dana hibah harvard kampus aktif suara merdeka palestina harvard tunduk trump salut harvard,1
cewek mbti tolong hasil,1
fore cowok mantan eh gembira topik obrol asyik ngebatin ngepain,1
please mbti infp kadang balas direct message malas lupa balas tarik balas hati pusinh hadap teman teman,1
pet shop jaga bentar beli siang iya beli produk oh iya ambil produk,1
halal pacar,1
benar layar andro habis kisar tolong pusing pakai terima kasih,1
umur umur rasa sakit gigi behel gigi pas panoramic aga kaget gigi bungsu pergi sp bdh mulut iya alam sharing tia,0
temu grup keluarga makan ayam geprek canduuu wkwk,1
worth it beli,1
bikin malas beli handphone dana cukup,1
mfs foto abu ayo cerita gess,0
cewek tiktok seru ikut kasus dior bukti subcon usaha cina italia salah harga tas asli kisar rupiah an jual puluh juta,1
aseeeeek teriak dontol bioskop,1
tiga nikah bangun pagi regangin badan tangan istri muka suamikuuu kaget astagfirullah melotot bjir bangun pagi samping,1
tips diet kg biar langsing mulus tipsnya makasihh bismilah ramai besok pagi terapin selamat tidur,1
in this ekonomi no no no nambahnambahin kalang tengah tahan finansial sehat,1
bareng ayah sedih tua,1
cewek berita negeri konoha tanggap,1
skripsi dipusingin bikin makalah,1
drama twitter memorable seru,1
hilang,1
mahal,1
yuk yuk mutualan,1
night rutin tidur spill sontek meromatisasi hidup sepi,1
katty perry pergi angkasa menit ongkos,1
tetangga cewek nikah santri amp tinggal suami kota belah anak amp anak sekolah kelas sekolah dasar keluarga wajar keluarga santri heran pikir,1
cewek berita aduh,1
umur tahun bocah cilik tahun mwehehehehe,1
saran game seru onlineoffline offline utama cowok ngegame kadang bosan suasana ml pusing,1
anak dibubukin pikir dewasa nelennya kapar kembung,1
tanggap,1
saran tonton youtube tani makan,0
eh motor pas ketemu jalan sapa,1
pesan barang harga lumayan instan biar cepat tang chat kasih estimasi paket sampenya mundur telah telfon nomor kenal wkwk,1
beli emas kg boro beli emas makan hari tahap sulitt cari sulit well,1
umur an achieved achieved umur an bikin usaha bisnis mana sakit pinggang pusing rambut rontok pikir pekan achievement,1
physical abuse cewek tiktok negeri taruh nyawa korban sumpah baca sedih perempuan,1
astaga lukus tksd menangiss next generation,1
sensitive menfess hidup papa bayar uktku semester,1
geyss buka ige scroll reels sg teman stalking crush direct message balas suka,1
spill hasil foto video handphone iphone samsung,1
hilang tanggung,1
unggul iphone xr banding kayak incar komennya ip kalah bagus xr,1
joko anwar susah payah ningkatin kualitas film horor indonesia kejar cuan instan cerita template setan agama embelembel kisah rem horor indonesia maju,1
tolongg familiartau foto yaadekku kelas digrooming tahun cuci otak berani kasar orangtua aku kuliah unsed purwokerto nama arghani gamaliel yeftha tolong,1
cowoku transfer semenjak fetish fetish,1
cewek korea pop kontroversi ramai ada live birthday party konsep black people ikut gaya nada bicara gara ramai hujat racist karirnya lejit korban,1
cewek tuntut perfect setia cowok pikir main cewek,1
maaf tingkat handphone amin awam handphone apple ip murah ip spee mal ibox ip worth it nada lemah lembut makasii,1
takut tahun tt besok tahun anak suami kasih cerah tolong takut nikah kuliah,1
cucu eminem lahir mampm junior lahir gen milenial gen tua,1
guysss lucu konteks akun sverre dihack oknum parcokparjo,1
momen lebaran pagi,0
template ucap raya gas kocak gagal move on emak emak coded trimakasi selamat jalan puasa tahun,1
kaget kiyoshi,1
simpan uang mana baca blu oke transaksi amp tabung hem potong,1
cowoabangan kiri identik sks bebas tukang selingkuh buaya kisah balik nada bingung gambar man,1
sila random hehe,0
mending beli redmi pad samsung tab baca tonton yt,1
umur coba investasinabung mana tabung bank tabung kadang ambil urgeng banget coba investasi biar makan inflasi tahun depan,1
suka life after lebaran gelisah ramai keluarga rantau,1
sadar harga indonesia ngotak anggap upah minimum regional korea juta krw jinju beli kopi waffle strawberry nutella harga krw spotify harga krw yoyakarta upah minimum regional juta rupiah spotify rupiah janji jiwa rupiah,1
guyss tas merek latih doir kawan kawan mahal coba saran tas keren ber merek under juta mww tabung lokal gaoaoa terima kasih yeeah,1
anjjjjjjjjjjjj manusia boycott,1
bisabisanya pikir,1
uang dingin beli emas kirakira waktu baik grafik harga,1
gara gara tolak keras rancang undang undang keluarga parjo dinafkahin wkwk doa survive makasii,1
main yuk gesss dapetnya iseej lovepawsona my id,1
cewek treatment bopeng sharing after treatment merahmerahnya butuh treatment bopeng baik biaya,1
selamat lebaran cerita lebaran,1
muslim only serius lambang setan habis bikin velocity saudara tegur tari panggil setan terima kasih,1
uang kipk beli iphone handphonenya kuliah,1
nyembuhin pikir kondisi down tinggal down,1
konteks leceh seksual leceh seksual benar tegur mbak egois,0
kerja tidur bangun main handphone suruh keliling tetangga maaf salah,1
nostalgia film kupukupu kertas tayang netflix tonton bareng,1
haha besok lebaran ketupat gamampu beli gara gara ayah suka pinjol haha ajak bicara bilang emak anak durhaka anak haha,1
biar lemak lari tt cokk tb bb tepos pas bagi lemak tt tidur anjing,1
plat jogjakarta goblok atur tolol jfx tengs alam buruk plat yoyakarta anw muka monyet teriak jendela,1
istri hina izin istri keluarga harga,1
putus mantan tahun takut ibu suruh cepat nikah proses ramadan lamar,1
benci suka mudik anak jakarta mudik jawa timur jam mobil remuk badan bawa emak rantau jakarta mudik pesawat aduh nikah cari calon suamimertua ajalh capai,1
coba tes pribadi unik hasil deskripsi kasih mentor cocok ridwan kamil coba si idpintarnya,1
life after lebaran asa tinggal,1
musim hopelees romantic,1
bantu cari alas kuat putus,1
fase bingung arah mana sepi putus asa pasrah pasang teman akan jauh alami ada nasihat teman alami by the way tahun,1
please stop basa nasi tamu tetanggakeluarga mana kuliah mana sumpah sopan,1
cewek kim soohyun pedo cewek menang tolong beliau enteng bicara bohong penting drama wkwk air buaya,1
cewek lebaran jujur senang tetangga mampir lebaran amp lebaran tutup pintu orangtua mudik ketat kayak nyepi jendela tutup,1
mutualan instagram yuukkk drop link,0
mutualan instagram yukkk,1
kangen ramadan tolong,1
twjudol titipanbantuin kirim,1
ks tolong kasih saran,1
lagu salma salsabil enakenak iseng dengar lagu bikin tagih suka lagu jenuh butuh coba dengar salah tracknya suka,1
moga tahun film animasi indonesia raih harga bareng flow menang oscar amp wild ribot honest rating hasil bikin bayi tahun menang bagi alam,1
in this ekonomi putus wise berumahtangga anak prioritize beli mobil banding rumah ngontrak tolong no salty,1
kumpul keluarga silsilah keluarga masyarakat indonesia,1
coba tunjuk homescreen lockscreen,1
jadi panggil sayang sayang tktbgt dighosting,1
haru kenal dunia kreatif bangga hasil keras indonesia after tunggu tahun finally animasi baik tonton amp support film animasi nusantara film legacy indonesia selamat juang don amp animasi indonesia,1
tabung untung beli tahun kemarin harga beli sesal lumayan bantu biaya nikah,1
serius besok indekos serius,1
panjangin kuku potong pendek risih,0
ibu chat kadang read bingung bahas balesan kayak chatingan camer bahas,1
wishlist tahun mati cepat,1
tua anak sukses ngebimbing modalin ngeburuburuin harap anak sukses capai anjir,1
tahun dideketin chat normal,1
jurnalis medis lindung serang peperangan umat pilih tuhan israhell sengaja bunuh biar warga gaza obat bair tindak war crime israhell berita,1
jantung nyawa mana,1
izin up kitten jebak xxi pesona square mal depok info hari satpam jatuh amp ambil tukang ngeong henti lapar amp takut tolong bantu rep instagram pesonasquareid amp hubung rekan,1
help lepas modal kontol doang tolong sadar belikan handphone laptop tas baju anjing rasa life after breakup help,1
tukang roti hangat an come and go cepat,1
besok pas lebaran chat mantan maaf cewek chatnya tambah izin chat nama pacar baru,1
kirim co takut harga beda pas,1
iss geramnye,1
gez coba terima cowok kejar tipe utamain dekat ulang lost contact,1
solaria buka daerah saran menu solaria worth it coba gaesss biar kecewa coba xiexie,1
mending ambil memori extend langgan icloud bingung,0
guis derita gerd makan dimsum tolong tolong,0
aneh ilfeel pas cowok dekat suka bikin kue cari pasang hobi tolong ambil punyakuu biar lengkap,1
ajak crush jalan takut tolak eh parah balas healingnyaa emotional damage bye cowok,1
cowok better saff co solar hmns farhampton,1
tunjuk celeb foto suka bikin hela nafas saking cakep first,1
anggur giat bantu mama gampang capai kayak beres beres capai muterin bonbin desa kuat capai biar gampang lesu minum vitamin,1
utang gaji,1
semangat nderr goreng by the way medium rare weldone,1
iri dengki sayang pinjam duit,1
maaf maaf sensitif gaji sensitif casenya teman pabrik kuta utang wawas,1
mit amit moga sepupu suka ghibahin base,1
gaji kocak utang,1
tipikal anggota keluarga pinjam uang kasih marah nyinyir gaji,1
senang baca waktu kalimat hem know,1
pusing sppu kepoan privasi,1
wkwk bentar bangkrut mnc kawan kawan,0
gaji calon pegawai pcp lps lembaga jamin simpan,1
manajer sumber daya manusia amp uang badan usaha milik negara swasta dibolehin wkwk,1
tahi,1
by the way info lowong wkwk,1
peduli gweh,1
gaji pinjam uang,1
sekepo nderapa sirik,1
malas gaji setangan ngitung berarty tahun sekian juta,1
woi wkwk,1
nggateli tekon gaji nyapo rep utang,1
tengs ingfonya bermamfaat bro,1
managerhead juta bawah bas juta,1
manajer utang,1
gaji buset,1
sepupu sopan gaji beda istri,1
bro bangga tumpang,1
digit pasti,1
gaji anjir,1
sopan,1
bangga kalimat diselipin keti tertawa emoticon salty gaji manajer berapaaa haha,1
bantu postingan malas baca replies warga alias maha hujat,1
post menfess anjir,1
gaji biar exit plan pinjam duit dalih bangka gaji sexxxx duit tunjang raya diksh lt kecap sepupu pelit maaf suuzan gapantes gaji saudara teman,1
iya kontol apa gaji hak,1
serius wajar penasaran mati penasaran mending sopan wkwk santai kawan,1
biar gaji hadehhh,1
grup even level gm,1
cari google gaji manajer,1
gaji biar dipinjemin duit,1
besok manajer trans,1
gaji tukang sapi,1
good bangga capai saudara nama saudara hasil,1
takut kasih gaji pinjam duit perlu pas tagih gala utang ngutangin,1
bocah cilik iya,1
nama situ kenal inisial,1
pinjam duit iya,1
hilang teman,1
pindah tinggal kabupaten kepincut iklan pesbuk foto ranum gede manis asli merah hhe,1
ldr buruk ketemu jatuh cinta,1
najis laku najis,0
gila skenario jajah negara banyak rakyat dukung invaders,1
disosialisasiin tuju kayak acara klarifikasi segalaanda bawa senjata gaad masyarakat akses berani lawan,1
waras suara serasa jahat,1
asa suruh maaf,1
haha suruh maaf tentara nasional indonesia maaf tniiiii maaf ca,1
anjing tentara nasional indonesia bahan bakar neraka,1
salut gera mahasiswa jaman kuliah mahal rektorat tunduk kuasa rakyat umum gugah juang sehat gerak mahasiswa,1
bilang coblos nomer bungkam,1
minta maaf balik anjir,1
anjing indonesia gelap coy wkwk kawal menang,1
bicara mama bawa emosi kadang mending bicara sumpah,1
ayo mutualan instagram unfollow,0
lan guyss ayo,1
suka stain amp glossy effectnya isi pol murah coba merek glossy stain amp harga beda bagus rekomen harga murah ltk hasil,1
drop meme koleksi lucu apa serah,0
ryan nazar jumbo juta teman tahun jomlo nazar kenal cewek kantor belah please spill do si amp don thread starter first date biar topi sombrero video spill,1
seblak pertama puasa nyeblak belummmm,1
xl uangg terima kasih,1
tangga tahun gaji minggat tipu artnya,1
samper berani chat disamperin ciut wkwk logika bilang gaji beli cek handphone beli online situ duit gaji mana,1
tangga muda laku persis suka curi baju uang,1
merinding jir gaktau malu,1
parah,1
nama eka kacaw opung baekin kasih belikan handphone orang anggap eh bangun tidur cari handphone,1
tolol modal,1
ambil tangga better tua keluarga alam house chores cari rejeki anak keluarga muda kadang pikir pecat kerja,1
alamat lengkap mana,1
maaf flatshoes beli mana lucu moga sadar artnya,1
alam maling ayg anggap keluarga umur tua mama tahun uang juta lumayan cash bayar tukang kperluan renov jera mama gaperna alagi,1
tangga kos kamar kosong info tante kutek gong curi outer beli turki izin pulang kampung cek tas baju mama kotak kado berat buka bungkus,1
part tag,1
alami salah pegawai anggap ajak tinggal tidur kamar ambil celana pendek rok bh celana,1
underware ambil tangga celanan adidas suami ambil spatula masak ambil beli mahal bagus bjir diamblin orang bolehin lantai daerah kuasa haha,1
aaku curi celana uniqlo celana habis pilih celana baju bagus titip tetangga besok pamit henti,1
spil muka,1
tangga sepupu bajubaju bagus diambilin pantk pakein,1
siii,1
amuda risiko maling catokan merek remington harga juta an colong apas tawan marah resign kembali anjing,1
kooo,1
grok pornstar pensiun,1
sumpah curi takut akhirat gimanavvv,1
adek kisah sumpah artnya baju adek pakai in foto taro instagram taro facebook kwkwkwk salah,1
apa barang pakai adik izin emosi gila abu kayak bantu gedek sumpah,1
aura beda pas bantu,1
aura pick me kuat sial,1
tangga kalung emas uang tabung ludes tuduh om tangga ambil hhh,1
wuaahh relate agw persiiss laku bukti aku badluck,1
tangga muda belaga anjir,1
nama naya anjing,1
cakap,1
barang ber merek maling jamet jamet jamet,1
cerita majikan hutang bantu gaji tahun situ mudik lebaran tahun beli barang bantu wkwk,1
maaf oot tangga muda jujur tangga,1
kayak next wajib rekening biat bukti gaji cash tanda terima tanda tangan moga cepat selesai nderr,1
alam tangga baju dipakein pakai foto facebook lumayan umur tangga sepakat diselesaik kasihan baju bagus hati jatuh kasihan,1
astagfirullah mental maling anjir alhamdulillah tangga kamar beranta suka taro uang gasal celana meja handphone tablet disimpen beranta pas bangun rapi meja moga tangga amanah,1
taun ganti tangga laku embat jam baju uang hias kenyang sayang inisiatif viralkan ginibukan adu nasib cerita laku salah mbak nurul pergok underwear bawa timun pas kamar,1
alas hindar tangga muda,1
cari tangga muda alam tangga muda baju dipakein handphone anjir swafoto telepon pacar izin samsekkkk tahu gara gara temu foto lupa hapus pulsa cepat habis jarang pakai,1
alami huhu tahun tangga kerja pulang bunda facebooknya baju baju bunda pas ditanyain aku,1
anti cari tangga muda banyak gaya sosialita tutup curi turut gaya hidup sabar,1
fuck convers putih pantai akkkkk get well soon cuci,0
abg sepupu tumpangin minggu eh pulang curi baju bangga sw baju kocakk,1
lapor polisi biar efek jera,1
ih kesal lihat lapor samper rumah,1
next cari ayg umur matang data usaha serah fc ijazah kartu tanda duduk,1
percaya gaji sdngkan tahun logika gaji beli brang tahu hasil curi wkwk beloon bohong akek gaya miskin duit,1
amit,1
bantu miskin tingkah,1
alam sopir kantor mobil sedan tinggal kantor kunci bawa sopir mobil jas batik sepatu formal peci pinjam diam nikah nikah siri sabtu minggu klayapan partai komunis indonesia mblhahaha,1
tangga muda barang hilang berani ambil parfum kaos kaki celana calvin klein pecat,1
proses curi barang barang ambil minimal musnahin biar maksud curi,1
pas mbak bantu pulkam ngambilin barang jepit ambil duit mbah ambil,1
curi mama tangga gaji haha,1
hem biasa miskin gaua tangga gaya elite,1
ngtag speaker portable hilang hari tangga bulan pas geledah speaker selimut baju termos tinggal ponakan mondok keluh baju hilang jokes ambil,1
mending sensor wajah biar malu,1
sumpah diam babysitter tangga emak was was manusia ubah atap keluarga maling kriminal,1
goyang bos laki berani,1
tangga kunci pintu kamar pas sih kamar awas selesai meminimalisir curi lemari lupa kunci kunci bawa pokok kasih celah tangga,1
dengar salah pilih tangga muda tangga hari tua ngambilin barang salah satu bayar utang pinjam uang amp bikin rumah datang debt collector aku rumah milik,1
ampun oknum alg februari atemenku kabur gendam amp ngmbil duit bpkny teman adikenalin agens bsnya apes hias eyang maling anya orang penjara hias jual,1
salah alas bantu,1
pembokatnya kasih kayak cocok artplus,1
flatshoes hitam merek dianable sayang lumayan mahal,1
miskin gaya maling,1
malu heran,1
keluarga asince tk saran amuda muda better warga yayasan hati ayg janji pergi pas kontrak garansi yayasan habis,1
jujur betteran tangga gaji lumayan pikir beli barang merek kaum dang mending gengsi ah alah tangga kocak bocah makan gengsi rela curi,1
ibu artnya istri saudara bpkku ekonomi salah inti umur an bantu diksh tinggal beli motor gaji layak bantu sembakonya kadang beres kerja cari tangga tulus gampang susah,1
asepupu tiktokan kamar permisi marah,1
berangkat mudik suruh pergi grosir beli barang periksa bawa barang istri hias pakai,1
duka cita moga rezeki ganti lipat hindar banget untung,1
tangga modis muda,1
kekeh baju beli bukti beli mana riwayat beli ecommerce,1
ngewe cowok,1
orangorang tenaga curi kasihan muda tanam sifat curi biar balas,1
begini jedotin pala toilet tangga,1
besok kasih gaji foto jabat tangan amp serta kasih tulis gaji xz tahun hem adu bacot oke tampar bukti valid,1
tangga jahat banyak majikan sepenuh hati berani bos,1
seru weyyyy wkwk devi maling kampung maling wkwk goblok,1
spill akun tiktoknyaa silaturahmi,1
artnya umur barang hilang beanie topi gtgt eh pas ketemu facebook mbak foto stuff kerja bagus hilang stuff,1
sensor maling iar bar korban,1
spill muka domisili takut ambil tangga,1
barang punya enak jidat dipinjemin kadang cepat cepat kembali enteng curi post sosial media akan barang milik,1
ih tangga curi baju mama handphone mamah curi tahu mamah dia playvic kerja telepon pacar,1
depiiii depi laku dep,1
amuda suka pamer media sosial duit kh,1
duka pas mbak pulang mama ecek tas mbak trauma bawa barang tas gelas baju bawa mbak pas gede kantor,1
nderaumur an ambil jilbab merek buttonscarves ria miranda gara gara facebook anak jilbab ambil barang cctv resign pas cctv,1
devi devi barang hasil maling majikan gaya,1
bos tangga pulkam cek barang bawa satu keluarga depan,1
damn cari tangga pikir saran cari tangga percaya by the way thankyou kasih informasi laku tangga duka,1
maaf to happen to moga ajar tenaga wanita sistem tenaga wanita terap next tangga gaji tanda gaji transfer cash both bos tangga ttdnya kertas cont,1
yaelah manada maling aku wkwk bantu gaya,1
masuk daftar hitam tangga instagram mbak,1
saran ambil tangga cicana salur bayar oke,1
jadi marah bilang maaf ganti alami hilang keluarga marah kasar ponakan balita tinggal dua,1
bantu banyak gaya,1
baju lebaran astaga pakai punya,1
ih suruh suruh,1
citra sok bilang sosialisasi,1
kampus,1
malu cok kampus,1
idihh,0
,1
kacau seod,1
mahasiswa lawan,1
sekarat anjing negara,1
mahasiswa salah,1
sosialisasi tagih klarif tebal muka,0
mampus unsut viral,1
malun monyet,1
erti pikir indonesia gelap,1
,1
ih najis aneh ganggu universitas bodoh,1
idih,0
sok asyik jir hijau,1
pergi rumput sapu barak,0
anjir unsud,1
idihhhhh,1
,1
instansi cih,1
unsud jelek najis,1
gila,1
kontolll kontol,1
seram anjing,1
kocak anjir,1
anjir hadehhhh,1
co kampus,1
baca komen,1
komenku hilang bjir,1
konyol,1
hoek cih brengsekkk,1
,1
badutt lawak,1
maaf,1
paksa,1
gila,1
udu lulus unsoed purwokerto isin,1
hahhhhh beli handphone shopee kirim jne jugaaaakk sumpah takut akuuuuuu,1
tipu warna yellow,1
sameday instan,1
tinggal kembali refund bayar asuransi kirim produk rela guess,1
cod unboksing mas kurir kemarin beli handphone tolong anboksing kurir cod ceklis asuransi huhu sayang,1
store blibli beli bliblinya percaya oknum jne blibli,1
moga uang,1
kasih saran,1
takut beli gadget shopee,1
jne mang berengsek kemarin beli hengfon seller kirim tanggal tanggal dikabarin barang hilang cek serial numbernya tanggal hengfon aktifasi setan,1
video unboxingnya,0
kurir nakal anjing monyet pikir beli handphone tabung darah rela beli biar tabung setan kasih kerja amanah bayang motor hilang setan,1
anjir co handphone akulaku packaging bjir samasama jne dus dobel plastik wrapingnya,1
ajar percaya buka store resmi,1
beli store shoope september resi nama terima deskripsi barang kirim jne express kalimantan timur pilih expedisi tulis note,1
shopee jelek uang konfirmasi transfer google service tai,1
beli ip shopee tulis salah jasa kirim hubung hold barang isi amp kasih opsi ambil situ,1
menggenarilisir kurir teman saudara kurir expedisi sedia ecomm suka ngambilin barang customer sepatu adidas laptop handphone iphone barang modus stiker alamat ganti alamat,1
here jne pas isi gembok dus oppo jne,1
id jne bobrok bagus jnt lepas beloon,1
stop bilang plesetan,1
kemarin beli iphone live tiktok murahbarang aman segel toko hidden terang isi paket,1
bukti foto amp unboxingnya return proses ecommercenya salah mana salah ecomnya expedisinya alas retur pilih barang sesuai,1
kasus adik adik beli charger set terang kepala charger kabel pas kepala charger harga anjjj pas dichat toko balas,1
beli handphone online usaha antar instan kemarin beli antar instan gojek alhamdulillah selamat,1
cek gerai mana barang kirim cctv tahu prose hilang mana bosa kurir bjs sortir jual nakal nagakalin barang cek jual mantan cctv proses peking,1
sabun yellow,1
jne kayak problem akhirakhir tiktok viral,1
pesan handphone shopee takut aselii aman jne,1
tahun beli iphone shopee sumpah ketar tir kirim jnt alhamdulillah selamat,1
ajuin pengembalia barang dana app shopee bantu fu tim kait ekspedisi video unboxing,1
coba kembali dana sesuai kondisi resi,1
akujuga kemarin beli tab aman gadikasitau deskripnya paket dus ngeciriin isi tablet toko tholol inimah,1
goblok beli handphone online store,1
jne anjing,1
huhu moga uang februari kemarin beli ip shopee kurir shopee ekspres alhamdulillah amanah prihatin moga uang,1
rekam pas buka paket moga rekam bukti,1
suggest beli barang mehong mending toko uang brgnya drama worried barang moga proses refundnya hasil,1
beli handphone shopee packingnya kayu waktu official mal,1
sumpah takut habis co ipad sini parah akh sengaja pencet pesan terima aju kembali,1
saran beli harga lumayan mahal mending cod cek pas kurir,0
coba refund alam tipu hasil uang,1
njrrr co gadget shopee kirim jne by the way sedih moga proses refundnya lancar thnkuu lini,1
alhamdulillah kemarin beli iph ibox shopeeexpress aman aga dagdigdug ser moga telepon genggam amin,1
beli gadget oke shopee pilih spx ambil garansi lo aduh jnt jne kocak depak kurir ratarata,1
beli handphone diolshop ditokped ekspedisi jne semper panik random co proses kirim minggu panik alhamdulillah barang sesuai sen,1
kemarin beli samsung shopee beli officialnya kirim kurir toko jne shopee status kirim stuck takutt hilang wkwk alhamdulillah selamat,1
alam beli handphone laptop kulkas shopee kirim instan kirim biar aman driver amanah enggak anter paket driver jaga fotovideoin barang pas ambil biar salah,1
maaf pas tertawa gara sabun,1
indonesia indonesia,1
id,0
ih beli handphone shoppe spx hemat syukur handphone aman walapun waktu degdeg an huhu,1
astaga bisabisanya toko hidden deskripsi produk cegah oknum nakal ekspedisi ampun coba rekan shopee lapor rekan ofc store shopee instagram biar bantu fu kasus,1
hindarin beli barang mahal dekat lebaran nderrr kupon goda,1
abel ampun sedih anjrittt erti kasih saran jadi reply an kasih saran coba moga barang cepat huhu,1
tuhan pesan ipad tiktokshop antar jampt ih aman takut jadi,1
beli live ttsyop sensor nama paket oper kurir ket no telepon trllu ovt fix gudang jne,1
biasa ketik muslim non bilang ampun tuhan ketik yawla anjing muak baca yawla yawla yawla tolol bodoh pelihara,1
curiga kurirrnyaekpedisi takut ambil tukar sabun,1
tim beli hellostore pilih gapercaya jasa expedisi barang beli sensitif kayak ip,1
saran barang mahal beli offline kurir jaman maling paket spx maling tanggung ekspedisi,1
baca bijak shopee dajjal bijak,1
percaya shopee semenjak barang sesuai asuransi pas klaim acc duit anjir desember,1
saran,0
beli ponsel online takut testimoni ekspedisi nakal,1
pantau lanjut,1
kantor shopeenya,1
viralkan eks ops ekspedisi tindak lanjut putar urus case cust handphone hilang bantu bulan selesai,1
tiktok beli ip curi jne hati hati guyss kurir storenya lalai kirim barang sensor nama barang anjir undang curi,1
salah kakak worry beli toko pengalman beli produk mahal,1
cod shoppe beli kamera cerita tukar ambil barang apa paket kirim jahat laku kelompok flashdisk barang kcl,1
coba hardcomplaint shopee hellostore jne cctv packing proses jne kemarin puasa kirim ipad kalimantan jnt jelas minggu paket stuck bawa kabur supir jnt ganti jnt alot,1
dungu catat nama produk tutup,0
beli handphone oren wajib terima cek alam beli samsung official pas anter kurir terima sangkut cek bela tunggu pulang halte bus titip security,1
salah expedisi fix screenshoot video bagi segel buka salah store lihat isi paket,1
pas barang terima kurir konfir pas beli handphone shopee kurir ketemu pesan wajib foto terima paket,1
anak blibli barusan baca casenya tiketcom eh kelas bikin case clear malu,1
iphone erafone terang produk sembunyi bisa pampang iphone undang jahat payah jual,1
beli shopee prosea mending tokped duit,1
up media sosial mention ekspedisi ecommerce moga bantu,1
kuning,1
auto cek video unboxing waktu beli ip toko oren official ketik iphone terang barang pc barang starlight alhamdulillah aman,1
kocak toko barang mahal hiden beli handphone ofc store shopee samsung digimap ibox aman iboxampdigimap pakenya reguler kirim kejar toko salah dia terang,1
saran beli barang elektronik handphone opsi day gojek protector kayugabus jamin aman beli handphone ipad macbook via online store opsi anter day aman,1
jaman ngubah yawla,1
sumpah sesak oi,1
duhhhh beli digimap nama produk hidden gituuuuuu moga cepat dana,1
alas beli barang elektronik apa online shop,1
aman beli blibli warna kosong sabar sabarin,1
mending toko hijau barang mahal,1
takut pesan handphone online,1
toko rating bagus keanya nakal ekspedisi toko rating bagus kirim barang sesuai minggu kemarin beli olshop aman toko terpecaya ekspedisi masalah,1
id kocak tolol,1
jne anjir kasus hilang barang harga waktu kuliah teman dikadoin laptop ibu paket hilang pas klaim kembali duit nya harga laptop kacauu jne,1
ningkatin fungsi otak tahap kesini susah fokus suka ngelag ajak bicara pikir lot tolong baik,1
pacar,1
chat slrg baca bahak,1
ekor,1
driver kocak proud of,1
baca bahak,1
pacar,1
,1
lucu,1
terima kasih,1
ih pacar mitos zaman purba,0
senam,1
jumbo hachi,0
kirim foto,0
dc cakung,1
pacar lucu customer lucu,1
izin nimbrung turut lucu,1
pacar tidur ganggu,1
pacar chat fokus tani aspri,1
no context dikirimin muka kerbau anjing,1
pacar,1
hts lucu hts lucu,1
percaya bilang gajah,1
ajak tonton pabrik gula uncut,1
baca tertawa,1
oot lucu teman ketik autotext anjing,1
cowok salah ketik,1
bagi nontonin genre romance,0
pacar,1
cari pacar,1
haha tertawa nada jomlo,0
panik anak suka umpet,1
pacar chat,1
ih seru pacar bikin iri ikut,1
eh jumbo dumbo maaf salah pas fyp gajah,1
wkwk,0
selagi waria gaspol konteks ajak dinner bonus kerja,1
take down post pacar,1
pacar pacar selingkuh,1
swamik,0
tragedi lagu ayeon,1
manusia sticker,0
pacar lucu ulang tahun by the way,1
nderr,1
punten pacar hahahhaa on the way gila,1
hts join,1
pacar ajaib laku,1
cowok,1
hapus pikir,1
tonton pacar kemarin,1
lucu keren sayangg,1
lucu,1
putus diam gigit,1
singkat padat geloooo,1
pacar teman anak suka reptil,1
pacar alas,1
jumbo gede,1
pacar lucu,1
malam nanyanya,1
sengaja single singgung,1
massu kereta listrik belah tinggal bisikin,1
suami iya jumbo,1
pacar,1
butuh tangan apaaaa,1
dumbo kembar kambing,1
minimal pacar,1
jalan jalan malam,0
teman,0
yeuu minimal ah alah,1
hapus sumala,0
balas,1
cowoku asyik asyik maksud,1
minimal egk,1
,1
nyengirnya,0
pacar cari kayak ketemu wujud,1
jumbo seru,1
minimal mah pacar engx,1
pacarmending tidur,1
pacar,1
pacar,1
jumbo saudara dumbo mmf,1
pacar,1
mama papah tolong ajak adekkk,1
gpnyaaa ih atuh,1
pacar syuting anime umemiya,1
pacar sakit,0
,1
pacar bentar cari,1
suwun ngece,1
haha lucu,1
jumbo jir kasih sedih,1
pacar,1
stop bikin iri,0
minimal pacar,1
putus,1
aaa,1
malam capai cari,1
time kemangi cuci tangan kemangi cuci tangan kemangi lalap,1
ha serius tonton konser bela bela utang ih malu atuh,1
lucu jawakarta,1
mutualan instagram yuukkk drop link,0
side dish gcan under proper,1
ayo mutualan instagram lupa ikut,1
yuukkk mutualan tiktok gaissss,1
suka makan tempe mentah teman,0
iya si,1
april,1
tolong bantu doa anak lahir sehat hpl tanggal kuat habis suami unggah foto nikah cewek bio ignya pasang usn cewek anak tengokin,1
pagi pemandanganya,1
ddepan mas kereta sungai,1
view waktu pagi abai wajah bojo,1
gunung kaki gunung gemercik suara air terjun mini wwkkwkwkw suara sungai,1
arjuno tepat pendem junrejo kota batu,1
ujung kuku jempol kaki gunung lumayan padat wonosobo,1
lapang,1
indah kaki gunung didongengdongeng,1
ai ragu temu gambar foto bagus,1
area sawah jam pagi kabut,1
tengok ketemu om dino senjoyo,1
pas bangun pagi hirup udara segar dingin hidung asa nyereng,1
barat rumah mas rapi merbabuini subuh pas jalan kaki santai,1
minum kopi bro,1
padat,1
jual tanah viewnya barangkali,1
view pas buka pintu mass,1
nyaman bang hampar sawah milik sang milik,1
dingin derajat pagi,1
kannnn video ariel noah ciduk wulan guritno benerrrr,1
tebak durasi video,0
agens konfirmasi urus pribadi artis erti,1
artis cantik dipacarin ariel,1
janda sexy blaster babat habis boril,1
pikir erti,1
doyanya hot mom,1
,1
sophia latjuba wulan guritno selera ariel wine mahal,1
agens confirm,1
baca reportedly mating,1
ariel noah wulan guritno kabar pacar warganet restu,1
selamat bang ariel,1
selamatt,1
duhhh mbak wulan cakap gila cocok bang ariel,1
goks selera,1
aduh tolong imajinasi mana,1
tunggu fpsnya,0
ha kaget,1
normatolong,1
but selamaatt,1
moga,1
moga meni,1
kasih lini threadnya nu tahlil hidang makan makan ringan kasih makan terima kasih warga doa almarhum almrhmh,1
budaya tega tega berat keluarga duka ngejamu tamu doa contoh salah desa indonesia nasi gambar beda,1
waktu papah tinggal menang tarik tetangga duit makam tahlil hari selesai menang pikir duit tabung hari papah,1
owlah,1
bicara teman tinggal beras tamu nama buset beras kg ratus tamu doa tinggal ojek online,1
salah saudara tinggal tahlil kasih makan buku yasin suka foto nama anggota keluarga ituloh eh nyinyir keluarga tahlil kasih buku yassin,1
nasilauk pauk habis nasi tahlil nasi harihari ky air gelasgorengan saudaratetangganya cari untung,1
lahan bisnis mengintimadasi keluar duit nyolatin mandi kubur ribut media sosial belah hajat tulis kembali amplopjumlah uangnama umum publik,1
daerah anjir jabodetabek tilap,1
maaf awam kasih bantu uangmakanan karang bunga uang habis lumayan,1
nu suka ada tahlil tahlil muhammadiyah tahlil keluar uang puluh juta,1
maaf ajar islam tradisi islam nu prosesi tinggal islam sederhana mandi kafan menyolati kubur,1
tuju kalah tidur antuk lawan lapar pilih tidur makan,1
guyscapebangetnyerah,1
capai capai banget arrghh,1
salah cut off teman gara gara confess pacar,1
crush suka,1
main game saran game seru habis,1
capai tidur tidur,1
guysss bagus cewek by the way,1
terima kasih nyiptain makan enak ubi cilembu,1
hari makan,0
dewasa serba salut orangtua survive,1
judul skrpsi ganti risol mayo,1
eh kocak minggu kirim chat sleepcall asing anjjj,1
nasib kalah kalah kalah,1
abang dermawan,1
mbak mbak telat nikah usia tahun tolong kasih suami hidup makan tidur,1
anak tunggal strict parents aneh tunggal dibebasin tanggung,1
wajar aga jauh teman kuat gaul gaya hidup,1
do and do not umur tahun,0
moga lambat lambat harga,1
habis lebaran mam seblak,1
opini sisi buruk kadang bikin kaget nilai kasih ruang toleransi biar terima buruk nilai buruk kasih ruang baik,1
cowok bilang cowok lindungin perempuan mann look at this theyre her famili her closest famili aman perempuan,1
perkosa pakai waktu kurang terap syariat agama anak tahun mahram salah korban jahit mulut akal sehat ajak bicara,1
perkosa sekolah perkosa guru pesantren perkosa ustad jalan perkosa preman lapor polisi perkosa polisi negara bahaya perempuan,1
indonesia bijak hukum mati perkosa pedo minimal hukum berat penjara negara cokk perkosa tanggap serius taikkk,1
tinggal ber kakek nenek sedih jadi duga kuat waktu nenek tinggal dunia makhluk coba by the way paman dibotakin baju sopi,1
anjingbangsatgak ngotak gila sensor muka bejat keluarga bodoh anak ngotak ngotak beloon dahhh tolol jaga rusak,1
muka sensor kayak nerapin mukamuka jahat sensor biar dunia mukamuka jahat penjara sanksi sosial dibully umur hidup mati,1
beginu kasih hukum mati macet wkwk alias duduk indonesia kurang tahun over tahun lini,1
baca menang manusia manusia darah daging ajggggg pikir jahat anak tahun astagfirullah moga busuk penjara amp neraka,1
tebas tebasss,1
nafsu anak,1
guebacanyasedihadekanak tahun tahun hidup bumidiperkosa kakek om sendirisedangkan hidup waktu tuhan kasihgimana janani hidup,1
mending hukum mati anw salah pakai wanita buka lebarlebar pikir pikir stuck situsitu mending banyak ajar logika anjing salah pikiranpikiran otak isi selangkang banyak tonton bokep kimak,1
bapak bapak sayang jaga rusak depan anak sakit hati baca berita,1
inimah pantek biar saudara leceh anak aakkkkkk ayah anjiang anjiang,1
mentang mentang goblok gratis borong,1
kaum komen cewek pintar jaga buka gede biar realita even anggota keluarga percaya tahan nafsu kontol,1
laku leceh tembak mati potong habis burung persetan ham anjimmggg,0
gila babi anak tolol goblok model laki bolehin hidup dunia herannnn,1
tolol tolol sensor anyinggg kesal setan tempel jir,1
bonyok lumpuh penjara mati,1
moga mati penjara gebuk siksa napi ampun,1
shock astagfirullah kasihan korban tega keluarga,1
habis pikir anjing orang binatang binatang sayang anak kontol luuu pikir puki,1
kebiri tolong dengar sesak nafas bisa dekat iblis kebiri langgar ham sangka lebih langgar ham astagfirullah,1
anjng kandung doa mampus dilapas,1
malam baca berita dada sakit pala sakit sakit menang malam pagi bangun muka kodok bajing cincang kontol congkel mata pergi kuku satusatu patahin jari iriss pentil kuping,1
salah cewek jaga salah cowok jaganahan hawa nafsu plsss normalisasi tindak rusak mental korban,1
laku perkosa kebiri anjing sakit hati baca berita usia tahun kasih rudal iblis bajing kelamin nampung rudal astaga iblis bajing,1
bajing anak umur tahun aman keluarga go pedo,1
bayang trauma anak balita coba,0
oranggg amuk minimal pengkor tititnyaaa potong anjir,1
hukum potong kontol laku perkosa sahkan,0
ayah kandung lindung rusak manusia percaya cewek keluarga takut paham pakai pikir cewek manusia nafsu,1
otak bokeppp otak kontollll jahanam cowok najis jahanam layak manusia tolol mampus anjinggggg layak hidup monyettt gampang sange michat murah tolol keluarga goblok sumpah mati sel anjing neraka tingkat tolol,1
napi tolong hajar mati siksa dimatiin keluarga kontol anjing laku bangsatt,1
pas keluar stiker,1
saking shocknya bingung,1
nafsu anak umur tahun otak dimanaaaaa apa ngelindungin putri kecil perkosa gblkkkk,1
tolong kasih hukum kejam,1
tahun blogg anak keponakan cucu bloggggg pas bagi otak tidur,1
alas kebiri terap negara salah satu lindung oknum ting jerat pidana perkosa kena imbas hukum kebiri,1
keluarga atas rusak miris,1
manusia manusia normal nfsu anak fix binatang hukum ala binatang kasih ksemptaan hidup ibu penjara habis,1
punten akang mending urus urus palestina mon maaf hate speech palestina but know your priorities,1
manusia berani kejam ibls kalah astagfirullah,1
pedofil anjir,0
capai kemarin berita perkosa anak korban benerbener aman perempuan andai hukum tembak pemerkosan pedofil indonesia,1
bayang trauma adeknya,1
gila lucifer insecure laku,1
gblok anjing anak diperkosaa idiot sumpah kandung lo aih takutt cewek cewek sekarangg keluarga biadab,1
najis najis moga neraka jelek bisa tega anjinggg anak goblok darah daging otak,1
tolol anak tahun tetenya ngewe gobloook gobloook mending sewa lonte ribu kocak,1
salah korban coba mbamba leceh kereta listrik kemarin salahinnya mbamba case salah adik otak laku beres laku laku binatang,1
benci banget baca tololll biadab anjggg layak manusia babiiikkkk goblokknyaaa otak pakai hati anak cokkkk anjgggg,1
laku perkosa hukum pergi titit greget hihhhhh,1
alami om om adik om ipar suami tante mesum ajak ngew kamar intip mand bongkar rahasia,1
aman perempuan zaman jaga ayom serang najis pantek anak bocah layak tembak mati,1
mati nembus buat wahaiiii iblisssss binallllllllllll,1
ayah lindung anjir bisa tolol makan anak,1
indonesia india perkosa cewek objek muas nafsu tolol anjinggggg greget nyakar muka,1
hewan laku tahi bisa sange anak tahun anak saudara goblok mampus busuk penjara mati anjing,1
manusia jenis spesies manusia normal bjirrr makan tumbuh kembang siluman kayak takuuuttttttt,1
astagfirullah biadab anjir sakit hati,1
anak kampang,1
shocked sensor muka,1
otak nafsu umur,1
manusia bejat neraka,1
melotot anjing baca,1
iblis,1
goblok ih,1
buset bejat turun,1
kebiri penjara kapok kasihan korbanya umur ambil pelindungnyaga bayang mental korban pahambapa perkosa,1
temu cocok ldr,1
film bagus ramai cari celah jatuh jumbo tahun marak boikot argumentasi ngalorngidul tonton gara gara,1
syukur hidup hilang semangat,1
hadap cowok ancam bundr mabuk narkob tinggal tinggal takut posisi mapan gampang beli,1
lapak mutualan instagram lapak mutualan instagram,1
kuku luka jari habis jepit pintu sakit kirakira sembuh doa biar cepat sembuh maaciw,1
kochengg guysss saran nama bocah cilik by the way ceco,0
sadar usia masakan terong anti terong,1
anak gender sifat,1
ayo coba spill screenshots handphone,1
umur tulang punggung keluarga anjing,1
shehe is suka makan kamar tidur kasur ruang makanmeja makan,1
bahasa bayi vasektomi biaya habis siap sakit pokok vasektomi,1
first meet mutual mal oke makan duduk mana,0
baju bagus kerudung warna,1
pacar kuliah suami akhlak agama sayang tebal dompet harta cinta,1
sh perempuan bahagia ikut happy pikir moga besok,1
keuwuan langkah jodoh amin allahumma amin,1
meni senang temu temu prnya jeli nilai inituh sifat asli berpurapura masuk dekat cinta susah nilai objektif,1
sopan baca sayangg istri moga baca pasang cinta besar sehat hamil,1
waktu indonesia wish,1
suasana hati nikah gantung lini anjing laki model,1
meni tepar,1
marriage isnt scary at all the right person nunda tahun oke putus lepas kb minggu hamil diturutin mudik belgiaindo bayar cari daycare wkwk cinta my husband,1
maksud,1
propaganda perintah naik rate nikah,1
senam senyum,1
dunia milik ajaah,1
masyaallah temu bahagia laku mata hakim salah,1
pantesaan pas muda pikir cowok susah pindah on enjoy janani hidup balas suami spesifikasi gwansik versi melarat better janani hidup enak pikir cowok benah whynot,1
bayang baby nntinya tangga harmonis doa moga tangga bahagia setan goda tangga ganggu keluarga please,1
titik transfer juta bikin syukur suami keluh pulang beres beres ganti urus anak suap mandi anak marriage isnt scarry temu ornag,1
,1
giniiiiiii,1
senang sharing happiness marriage bahagia moga sehat lancar babynya launching,1
abang,1
rezeki uang suami sayang rezeki tahun nikah mesum erti cinta by the way moga hamil lancar lahir der bahagia,1
bahagia moga calon suami,1
wish god,1
,1
pacar beso nikah pengwn anak pacar kasih opsi rawat anak cupang anak kudanil pegawai kebun binatang,1
tahun meni bilang marriage isnt scary the right person posisi hamil muda mual muntah all the time tlaten rawat anak anak pertama lulus toilet training ajar ayah,1
suami tutorial,1
senang damai temu pusing ribut muluk lini akurakur bahagia hayat,1
ih gemas moga besok gemas calon langgeng nikah moga hidup halhal moga adik bayi sehat sehat amin,1
masya izin sholawatin allahumma sholli ala sayyidina muhammad,1
meni blindbox pasang garis tahun sayang suami ubah sedikit swing hormon erti kerja bantu nyetrika laundry hasil pas an,1
terima kasih kasih insight another pov nikah ups and downsnya seram fear mongering kasih kesan meni buruk,1
suami injak tahun nikah sikap kenal ubah usaha harga putus anak anak bilang serah kesiap,1
moga posting mesra biar bukti nikah seram biar takut nikah ubah pikir,1
meni bikin married is scary alhamdulillah kasih suami bagi bantu kerja turut selagi,1
bahagia perempuan pasang benerbener material and mental by the way tara,1
manifesting ubah awalakhir moga pasang moga tular amin,1
keti serasa baca au alias lembut busyett perilaku rl mleyot nada kagum,1
meni indah waktu bismillah,1
xixixi timakasii bagi bahagia sehat happy keluarga,1
moga kaya biar sat set transfer sayang,1
ikuuttt happy bagi hubung sehat sehatsehat kaliaann tuhan berkatibtw co mana green forest,1
,1
senang meni,1
masha nderrr suami egois tinggi ego and penting pikir pasang kebahagiann pasang,1
manifesting bestt kencang tirakatnyah,1
maasyaallah senang lihat sehat hamil insyaallah suami cinta manis doa biar meni hihi,1
suami,0
seru nikah rang moga giniccc amin,1
masyaallah sok happy baca mulia bismillah tangga bahagia versi pasang manifesting bahagia nyalur terima kasih inspirasi,1
bjir model kayak lakiknya mbak siapaajaboleh benar rl,1
maaf menang menang baca moga tahap cinta by the way sehat sehat baby,1
lucu moga tangga limpah bahagia amp harmonis hihi sehat sehat bumill,1
apaapa telat nikah dapetnya,1
allahhhhh,1
,1
berkah hubung sehat bayinyaaaaaa,1
batam,1
this cinta can find me later eh lucu langgeng habis umur dunia,1
dimasakin suami sarap,1
marr sulit,1
masyaallah moga nikah samawa by the way suami biarpun tahun nikah sikap kenal ubah cinta tambah usaha sabar erti harga putus nunda anak,1
alhamdulillah nderrr moga langgeng moga adik bayi sehat kandung bismillah pikir apa nikah jelekjelek pikir nikah,1
nular hamba jodoh cinta tulus abadi ugal ugalan utama istri,0
bayang soon moga anw happy for both,1
wuakhhhh sehat mbak calon adik bayi moga langgeng bahagia keluarga moga pasang cinta penuh,1
bahagia moga nular bahagia,1
panggil cinta penuh utuh bibir,1
apa jombloku panjang suami hehe,1
kaaakkk untung kamuuu,1
nikah eh jadiiii ah kuliah,1
aaaaa happy bacanyaa bahagia pasang nyala sayangnyaa,1
tuhan pacar tuhan hasban,1
lucu huhu wish someday my man will treat me like diskualifikasi,1
lucu cekaliiii hamba,1
senyum ajak,1
aduh kirim nikah,1
meni indah uang,1
langgeng akhirat amp moga babynya anak pintar sehattt sehat,1
nikah wkwk lucu huhu sehat sehat dedenya,1
visualisasi au dunia by the way selamat dedek bayi sehatsehat,1
manifest moga,1
lucu kepala aunya,1
cinta luculucu langgeng senderr sehatsehat baby hehe,1
lucu banget,1
lucu difotocopy egk,1
asa baca au harap moga suami,1
au doanggg,1
sehat sehat bahagia,1
bismillahirrohmanirrohiim hamba suami amin,1
wish moga lenggeng akhirat amin sehat sehat suami mulia istri,1
oh lucu,1
lembut spoken,1
lucuuuusemoga swami,1
oh to be adeknyaa abang,1
adem banget,1
trauma foto rc gabung gabung ngeup skandal selingkuh anjing,1
maaf kedistrek soswitnyah,1
hidup nyengirnya,1
kasih pwisss,1
iri,1
bikin nikah happy for moga bahagia nular,1
lucu,1
,1
moga kekal abadi maut pisah,1
,1
im happy for nderrr moga langgeng sehat sehat,1
